street,lot,dep_stores,rest,shopping,hotel,art,score
FALSE,TRUE,0,7215.5,0,0,0,33
FALSE,FALSE,0,190.5,1084.5,0,192,17.5
TRUE,FALSE,0,14059.5,598,1414,1379,57.5
FALSE,TRUE,0,6144.5,157.5,52.5,0,1288
FALSE,FALSE,144,3329.5,87,476,623,668.5
FALSE,FALSE,0,8084,740,0,162.5,33
FALSE,FALSE,0,5534.5,182.5,52.5,0,17.5
FALSE,FALSE,0,13106.5,474.5,1618,196.5,9
FALSE,FALSE,0,807,340.5,0,162,28
TRUE,FALSE,0,12682,551,1414,1320.5,595
FALSE,FALSE,144,3953,87,476,648,45
FALSE,TRUE,0,5403,182.5,52.5,444,129
FALSE,TRUE,0,0,0,0,0,816
FALSE,TRUE,0,134,142.5,0,0,219
FALSE,TRUE,0,2474,230,0,162,608
TRUE,FALSE,0,2097.5,185,0,770,231
FALSE,FALSE,0,3285.5,180.5,0,770,20
TRUE,FALSE,0,8653,2343,0,1054.5,270
TRUE,FALSE,0,14020.5,598,1894,550.5,171
TRUE,FALSE,0,149,126,0,20,206.5
FALSE,FALSE,0,0,0,0,0,28
FALSE,FALSE,0,12272,384.5,1106,1092.5,28
FALSE,FALSE,144,3683,87,476,648,315
TRUE,FALSE,0,13490,494.5,1894,381,77
FALSE,FALSE,144,3790.5,87,476,623,207.5
FALSE,TRUE,0,2419,230,0,162,663
TRUE,FALSE,144,8710,740,0,186.5,77
TRUE,FALSE,0,12244.5,474.5,1618,196.5,189
FALSE,FALSE,0,3547,103.5,0,2274,66.5
TRUE,FALSE,0,13339,494.5,1894,138,228
FALSE,TRUE,0,3232,681,0,0,402.5
FALSE,FALSE,144,3990,87,476,648,8
TRUE,TRUE,0,7615.5,77,522,828.5,24.5
TRUE,FALSE,0,12574,559.5,522,1151,279
TRUE,FALSE,0,13028,474.5,1618,196.5,87.5
FALSE,TRUE,0,304,142.5,0,0,21
FALSE,FALSE,0,7238,0,0,0,48
FALSE,FALSE,0,7404.5,157.5,52.5,0,28
FALSE,FALSE,0,7424.5,157.5,52.5,0,8
TRUE,FALSE,0,13976.5,598,1618,1151,172
FALSE,TRUE,0,7100.5,0,0,0,185.5
FALSE,TRUE,0,7135.5,0,0,0,150.5
FALSE,TRUE,0,6566.5,157.5,52.5,0,37.5
FALSE,TRUE,0,6633.5,0,0,0,615
FALSE,TRUE,0,1843,54.5,30,0,651
TRUE,FALSE,0,7430,180.5,522,828.5,1172.5
FALSE,TRUE,0,24.5,136,0,1504,57.5
FALSE,FALSE,0,660,0,0,1504,24.5
TRUE,FALSE,0,343.5,740,0,1504,283.5
FALSE,TRUE,0,16760.5,489.5,0,940.5,283.5
FALSE,FALSE,0,2665.5,0,0,0,10
FALSE,FALSE,0,2658,0,0,0,17.5
FALSE,TRUE,0,350.5,18,0,0,640
FALSE,TRUE,0,82.5,47,0,0,80.5
FALSE,TRUE,0,4772,0,0,0,328
FALSE,TRUE,0,0,0,32,0,636
FALSE,TRUE,0,717,37.5,0,0,283.5
FALSE,FALSE,0,378.5,102.5,0,0,13.5
TRUE,FALSE,0,0,0,0,0,1197
FALSE,TRUE,0,1230.5,0,0,0,589.5
FALSE,TRUE,0,2781.5,92,0,0,76
FALSE,TRUE,0,730.5,37.5,0,0,270
FALSE,TRUE,0,0,54,0,0,280
FALSE,TRUE,0,5712,0,0,0,81
FALSE,TRUE,0,5097,0,0,0,696
FALSE,TRUE,0,124.5,47,0,0,38.5
FALSE,TRUE,0,7281,67,0,30,693
TRUE,FALSE,0,0,0,0,0,805.5
FALSE,TRUE,0,916,18,0,0,130.5
FALSE,TRUE,0,145.5,0,0,0,140
FALSE,TRUE,0,866,20,0,0,954
FALSE,TRUE,0,985.5,37.5,0,0,15
FALSE,FALSE,0,866.5,0,0,0,17.5
FALSE,TRUE,0,175,0,0,0,212
FALSE,TRUE,0,809,0,0,0,75
FALSE,FALSE,0,518.5,20,0,0,14
TRUE,TRUE,0,366,0,0,0,518
FALSE,FALSE,0,0,0,0,0,10.5
FALSE,TRUE,0,43.5,60,0,0,371
FALSE,FALSE,0,237,0,7.5,0,15
FALSE,FALSE,0,56,0,190.5,0,15
FALSE,TRUE,0,0,0,0,0,447
FALSE,TRUE,0,84.5,29,103.5,0,48
FALSE,TRUE,0,42,0,0,0,42
TRUE,TRUE,0,42,0,0,0,42
FALSE,TRUE,0,1491.5,0,391.5,0,154
FALSE,TRUE,0,1501.5,0,391.5,0,144
FALSE,FALSE,0,147.5,20,0,0,14
FALSE,TRUE,0,0,30,0,0,164
FALSE,TRUE,0,1120.5,0,391.5,0,525
FALSE,FALSE,0,293.5,52,0,0,27.5
FALSE,TRUE,0,157,292,36,0,124
FALSE,TRUE,0,406.5,56,0,0,93
FALSE,TRUE,0,398,292,36,0,28
FALSE,TRUE,0,0,0,24,0,36
FALSE,TRUE,0,445.5,330,0,0,145
FALSE,TRUE,0,568.5,56,0,0,24
FALSE,TRUE,0,4959,0,75,0,399
TRUE,TRUE,0,1131,15,192.5,28,42
FALSE,TRUE,0,4901.5,542.5,0,63,189
FALSE,FALSE,0,10,22.5,192.5,0,77
TRUE,TRUE,0,5170,289,0,0,1600
FALSE,FALSE,0,119,47,0,0,44
FALSE,TRUE,0,1507.5,0,0,28,92
FALSE,TRUE,0,6698,12,0,0,868
FALSE,TRUE,0,4561.5,752,0,63,262.5
FALSE,FALSE,0,1555,108.5,0,28,17.5
FALSE,TRUE,0,0,30,0,0,30
FALSE,FALSE,0,10691.5,713,0,63,72
FALSE,TRUE,0,917,349.5,0,0,18
FALSE,TRUE,0,7180.5,825.5,0,63,159
FALSE,TRUE,0,8266,718.5,0,63,337.5
FALSE,TRUE,0,0,0,0,0,1044
FALSE,TRUE,0,4589.5,797.5,0,63,234.5
FALSE,TRUE,0,5259,12,75,0,78
FALSE,TRUE,0,8997.5,606,0,63,70
FALSE,FALSE,0,1513,15,0,28,105
FALSE,FALSE,0,9177,541.5,0,0,15
FALSE,FALSE,0,5594,10.5,75,0,16
FALSE,FALSE,0,7394,346.5,0,13.5,21
FALSE,TRUE,0,0,20,0,0,424
FALSE,TRUE,0,5815,346.5,0,0,1152
FALSE,FALSE,0,903.5,489.5,0,0,12
FALSE,TRUE,0,2116.5,63.5,0,0,54
FALSE,TRUE,0,4964.5,270,0,0,32
FALSE,FALSE,0,5203,367.5,0,13.5,2212
FALSE,TRUE,0,4969,270,0,0,27.5
TRUE,TRUE,0,639.5,548.5,0,0,276
FALSE,TRUE,0,417,540.5,0,0,108
FALSE,TRUE,0,3191.5,166,0,13.5,56
FALSE,FALSE,0,920,13.5,0,0,14
FALSE,TRUE,0,786.5,512.5,0,0,129
FALSE,TRUE,0,3086,294,0,0,45
FALSE,TRUE,0,7346,346.5,0,13.5,69
FALSE,TRUE,0,2588.5,609,0,0,542.5
FALSE,TRUE,0,1687.5,104.5,0,0,668
FALSE,TRUE,9,911,654,52.5,0,56
FALSE,TRUE,0,529.5,168,0,412,15
FALSE,TRUE,0,3118.5,146,0,13.5,129
FALSE,TRUE,0,1140,168,0,412,72.5
FALSE,FALSE,0,1110,140,0,13.5,21
FALSE,FALSE,0,100,15,0,0,9
FALSE,TRUE,0,1050,140,0,13.5,81
FALSE,FALSE,0,576.5,25,141,0,12.5
FALSE,TRUE,0,726.5,111,0,0,828
FALSE,TRUE,0,3798,344,32,0,255.5
FALSE,TRUE,0,558,190,0,101.5,162
FALSE,FALSE,0,746.5,163.5,0,0,10.5
FALSE,TRUE,30,554.5,117.5,0,101.5,136
FALSE,TRUE,66.5,4434.5,869.5,0,0,31.5
FALSE,TRUE,0,2038,879.5,0,0,30
FALSE,TRUE,0,1789,935.5,0,0,1156
FALSE,TRUE,0,2834,600.5,0,0,400
FALSE,TRUE,66.5,4394,776,0,0,72
FALSE,TRUE,0,663,256,0,0,794.5
FALSE,TRUE,0,987.5,194.5,0,0,416.5
FALSE,TRUE,0,255.5,0,32,0,455
FALSE,TRUE,66.5,4418,869.5,0,0,48
FALSE,TRUE,144,10607.5,2260,63,0,178.5
FALSE,TRUE,0,4035,600.5,0,0,27
FALSE,FALSE,66.5,4385,869.5,0,0,81
FALSE,TRUE,66.5,5554.5,2346.5,0,0,206.5
FALSE,TRUE,66.5,5730,2100.5,0,0,511
FALSE,TRUE,0,1766.5,588.5,0,0,856
FALSE,TRUE,66.5,3826,776,0,0,640
FALSE,TRUE,0,2461,342,0,0,175.5
FALSE,TRUE,66.5,4277.5,772.5,0,0,122.5
FALSE,TRUE,0,1440,14,0,0,441
FALSE,FALSE,0,11456,2222,0,0,4
FALSE,TRUE,0,1775.5,879.5,0,0,292.5
FALSE,FALSE,0,2627.5,342,0,0,9
FALSE,TRUE,0,11442.5,2222,0,0,17.5
FALSE,FALSE,0,2601.5,588.5,0,0,21
FALSE,TRUE,66.5,8809.5,2230.5,0,0,684
FALSE,TRUE,0,1024.5,342,0,0,1612
FALSE,TRUE,0,10912,2222,0,0,548
FALSE,TRUE,0,1519.5,81,0,0,773.5
FALSE,TRUE,0,189,36,0,0,228
FALSE,FALSE,196,14656.5,2658,510,1298.5,42
FALSE,TRUE,0,78,280,0,0,72
FALSE,FALSE,0,13700.5,2439.5,510,1298.5,172
FALSE,TRUE,0,220.5,0,0,0,87.5
FALSE,TRUE,0,1826,25,0,0,70
FALSE,FALSE,0,12346.5,1641,174,1298.5,35
FALSE,FALSE,196,11173.5,2680.5,336,0,220.5
FALSE,TRUE,0,8063.5,1478.5,174,1298.5,96
FALSE,FALSE,0,4575.5,682.5,56,0,12
FALSE,TRUE,0,10976,2222,0,0,484
FALSE,TRUE,196,10814.5,2712,336,0,570.5
FALSE,FALSE,0,5803.5,80.5,0,0,21
FALSE,TRUE,144,12601.5,2181.5,63,0,90
FALSE,FALSE,196,14681,2658,510,1298.5,17.5
FALSE,FALSE,196,11785.5,2712,336,1298.5,128
FALSE,TRUE,196,12550.5,2658,336,1298.5,760
FALSE,TRUE,0,533.5,190,0,101.5,56
FALSE,TRUE,0,4948.5,531,56,0,528
FALSE,FALSE,0,87.5,0,0,0,220.5
FALSE,FALSE,0,1875,25,0,0,21
FALSE,FALSE,196,3275.5,1000.5,472,0,21
FALSE,TRUE,0,13657,1970.5,174,1298.5,87.5
FALSE,FALSE,0,5497.5,80.5,0,0,327
FALSE,FALSE,0,648,169,0,0,25
FALSE,TRUE,0,681,163.5,0,0,108.5
FALSE,TRUE,144,5978.5,670.5,63,0,604
FALSE,FALSE,144,9744.5,694.5,63,0,6
FALSE,FALSE,0,12349,1641,174,1298.5,32.5
FALSE,FALSE,0,5456.5,531,56,0,20
FALSE,FALSE,0,409.5,0,0,24.5,462
FALSE,FALSE,30,128,117.5,0,0,10
FALSE,FALSE,196,13478.5,2712,336,1298.5,13.5
FALSE,FALSE,0,661,169,0,0,12
FALSE,TRUE,0,5562,80.5,0,0,262.5
FALSE,FALSE,0,8132.5,1461.5,174,1298.5,27
FALSE,TRUE,144,9698,694.5,63,0,52.5
FALSE,FALSE,196,14590.5,2658,510,1298.5,108
FALSE,TRUE,0,225.5,190,0,101.5,364
FALSE,TRUE,0,48,25,141,0,280
FALSE,TRUE,0,12321.5,1801,174,1298.5,60
FALSE,TRUE,0,1798,25,0,0,98
FALSE,TRUE,0,1848,25,0,0,48
FALSE,TRUE,0,1724,25,0,0,172
FALSE,TRUE,0,2041,202.5,0,0,252
FALSE,FALSE,0,72,280,0,0,78
FALSE,TRUE,0,2121.5,81,0,0,171.5
FALSE,FALSE,144,3279.5,569.5,63,0,264
FALSE,TRUE,0,6807.5,1461.5,174,1298.5,1352
FALSE,FALSE,0,731.5,18,0,0,40.5
FALSE,TRUE,0,2611.5,261,0,32.5,60
FALSE,FALSE,0,6139,42,0,0,408
FALSE,FALSE,0,316,274.5,0,0,21
FALSE,TRUE,0,6097,42,0,0,450
FALSE,TRUE,0,1787,25,0,0,430.5
FALSE,FALSE,35,2202,286,0,32.5,30
FALSE,TRUE,152,1141,61,0,32.5,206.5
FALSE,FALSE,152,1315,61,0,32.5,32.5
FALSE,TRUE,35,2219,286,0,32.5,87
FALSE,FALSE,258.5,1550,136,54,0,12
FALSE,TRUE,0,5481,247.5,0,0,184
FALSE,FALSE,0,2125.5,25,0,0,92
FALSE,TRUE,258.5,860.5,160.5,0,0,266
FALSE,TRUE,258.5,1439,160.5,0,0,130.5
FALSE,FALSE,0,2634,258,0,0,7.5
FALSE,TRUE,0,6467,608,0,99,164
FALSE,TRUE,0,48,0,643.5,0,824
FALSE,TRUE,0,4386,179.5,0,0,138
FALSE,FALSE,0,2189.5,25,0,0,28
FALSE,FALSE,258.5,1869,160.5,0,0,48
FALSE,TRUE,94.5,1253,85.5,54,0,22
FALSE,TRUE,0,5448,247.5,0,0,217
FALSE,FALSE,0,2803.5,86,0,0,4477.5
FALSE,TRUE,0,2144,25,0,0,73.5
FALSE,TRUE,268.5,1474.5,160.5,0,0,87.5
FALSE,TRUE,0,2343.5,102.5,0,0,658
FALSE,TRUE,0,22,0,54,0,60
FALSE,TRUE,0,5285,410.5,0,0,280
FALSE,FALSE,0,4155,102.5,0,0,10.5
FALSE,TRUE,0,1753.5,25,0,0,464
FALSE,TRUE,0,123.5,124,0,0,76.5
FALSE,TRUE,0,3801.5,102.5,0,0,364
FALSE,TRUE,0,3903,102.5,0,0,262.5
FALSE,TRUE,0,160,124,0,0,40
FALSE,FALSE,0,2620,258,0,0,66.5
FALSE,TRUE,0,5043,247.5,0,0,228
TRUE,TRUE,0,5797,526.5,0,99,868
FALSE,TRUE,0,7373,608,0,99,518
FALSE,TRUE,152,507,227,0,0,264
FALSE,FALSE,0,2643.5,261,0,32.5,28
FALSE,TRUE,0,5409.5,247.5,0,0,255.5
FALSE,TRUE,0,437.5,388.5,0,0,25
FALSE,FALSE,164,760,117,0,0,9
FALSE,FALSE,0,440,58,0,0,12
FALSE,FALSE,152,921.5,61,0,32.5,18
FALSE,TRUE,0,3542,31.5,0,0,164.5
FALSE,FALSE,0,178,124,0,0,22
FALSE,FALSE,0,742,58,0,0,20
FALSE,TRUE,0,752,0,560,0,450
FALSE,TRUE,0,192,28,0,0,212
FALSE,FALSE,0,24,0,560,0,21
FALSE,FALSE,0,806,138,0,31.5,38.5
FALSE,TRUE,0,866,125.5,0,0,266
FALSE,TRUE,0,1162,0,560,0,40
FALSE,FALSE,0,475.5,378,0,0,12
FALSE,TRUE,24.5,1393,378,0,0,385
FALSE,TRUE,0,444,125.5,0,0,688
FALSE,TRUE,0,0,0,0,0,969.5
FALSE,FALSE,0,788.5,138,0,31.5,56
FALSE,TRUE,52.5,2621.5,54,0,44,256
FALSE,FALSE,0,418.5,378,0,0,69
FALSE,TRUE,0,52,0,0,0,84
FALSE,TRUE,0,84,0,0,0,52
FALSE,TRUE,0,0,0,0,0,159
FALSE,FALSE,0,0,0,525,0,884
FALSE,TRUE,0,15,0,0,192,68
FALSE,TRUE,0,3383,0,0,0,14
FALSE,TRUE,0,170,58,0,0,380
FALSE,FALSE,24.5,931,148,0,0,91
FALSE,TRUE,0,2493.5,108.5,0,0,63
FALSE,TRUE,0,1010,0,560,0,192
FALSE,TRUE,24.5,1585.5,378,0,0,288
FALSE,TRUE,0,222,28,0,0,12
FALSE,TRUE,0,1008,275,0,0,456
FALSE,TRUE,0,1199,0,560,0,24
FALSE,TRUE,0,1132,0,560,0,70
FALSE,TRUE,168,2128.5,85.5,0,0,378
FALSE,FALSE,0,2050,30,0,0,25
FALSE,FALSE,0,562.5,122,0,0,16
FALSE,FALSE,0,21.5,105,0,0,15
FALSE,FALSE,0,1810.5,69,0,0,4.5
FALSE,FALSE,0,1497.5,58.5,0,0,7.5
FALSE,FALSE,0,699,124,0,0,20
FALSE,TRUE,231.5,1444,213.5,0,0,52.5
FALSE,FALSE,0,2195,139,0,0,25
FALSE,TRUE,231.5,2723,150.5,0,0,441
FALSE,TRUE,0,2025,30,0,0,50
FALSE,TRUE,168,2966.5,146,0,0,66.5
FALSE,TRUE,168,2368.5,75,0,0,108
FALSE,TRUE,0,722,58.5,0,0,245
FALSE,TRUE,231.5,2815,156,0,0,35
FALSE,TRUE,0,2440.5,119,0,0,45
FALSE,TRUE,231.5,924,138.5,0,0,60
FALSE,TRUE,168,2976,168.5,0,0,132
FALSE,TRUE,0,582.5,0,0,0,73.5
FALSE,FALSE,0,0,21,0,0,20
FALSE,FALSE,231.5,2800.5,206.5,0,0,38.5
FALSE,TRUE,168,2966.5,146,0,0,66.5
FALSE,FALSE,0,1816,58.5,0,0,7.5
FALSE,TRUE,0,1246,58.5,0,0,220
FALSE,FALSE,0,1804.5,69,0,0,10.5
FALSE,TRUE,0,1188.5,30,0,0,886.5
FALSE,FALSE,0,28.5,105,0,0,8
FALSE,FALSE,0,798,144.5,0,0,68
FALSE,TRUE,0,171.5,49.5,0,0,132
FALSE,TRUE,0,1539,30,0,0,536
FALSE,FALSE,0,775,144.5,0,0,91
FALSE,FALSE,0,474.5,88,0,0,28
FALSE,FALSE,0,291,49.5,0,0,12.5
FALSE,TRUE,0,1787,69,0,0,28
FALSE,TRUE,0,1793.5,58.5,0,0,30
FALSE,TRUE,168,3313.5,187,0,0,62.5
FALSE,TRUE,0,1249.5,131.5,0,0,50
FALSE,TRUE,10.5,739.5,54,0,0,147
FALSE,FALSE,0,862.5,390,0,0,24
FALSE,FALSE,10.5,837.5,390,0,0,49
FALSE,FALSE,0,21,0,0,0,12
FALSE,TRUE,0,494.5,192,0,0,10.5
FALSE,TRUE,10.5,764,390,0,0,122.5
FALSE,TRUE,10.5,666.5,390,0,0,220
FALSE,FALSE,10.5,870.5,390,0,0,16
FALSE,FALSE,10.5,874,390,0,0,12.5
FALSE,FALSE,85.5,3870,423,0,0,33
FALSE,FALSE,152.5,3882,427,0,0,21
FALSE,FALSE,152.5,3863,427,0,0,40
FALSE,TRUE,0,572,12,0,0,116
FALSE,TRUE,123,3004.5,52,0,40.5,140
FALSE,FALSE,152.5,3882,427,0,0,21
FALSE,FALSE,123,2922.5,52,0,40.5,77
FALSE,FALSE,0,1142.5,30,0,0,20
FALSE,TRUE,123,1945,52,0,0,395.5
FALSE,FALSE,0,10.5,78,0,122.5,30
FALSE,FALSE,0,1882.5,82,0,0,17.5
FALSE,TRUE,123,3139.5,82,0,0,124
FALSE,TRUE,0,1393.5,410,0,0,272
FALSE,TRUE,0,73,103.5,0,0,140
FALSE,FALSE,159,2242,342,0,76,42
FALSE,FALSE,0,1224,42,0,0,30
FALSE,FALSE,0,833.5,135,0,0,12
FALSE,FALSE,0,178,108,0,0,6
FALSE,FALSE,0,170,108,0,0,7.5
FALSE,TRUE,0,78,47,0,0,60
FALSE,TRUE,0,652,135,0,0,193.5
FALSE,TRUE,12.5,1005.5,238.5,0,0,464
FALSE,FALSE,0,739.5,255,0,126,17.5
FALSE,TRUE,0,1401.5,504,0,0,264
FALSE,FALSE,197,2557,1105.5,0,0,20
FALSE,TRUE,277,3337.5,831,0,0,203
FALSE,TRUE,0,1341.5,407,0,0,132
FALSE,TRUE,0,1488.5,476,0,0,328
FALSE,TRUE,197,4105.5,1097.5,0,0,18
FALSE,FALSE,0,2235.5,229,0,0,15
FALSE,TRUE,159,2203.5,342,0,76,80.5
FALSE,FALSE,0,2232.5,229,0,0,18
FALSE,TRUE,0,374.5,0,0,0,66.5
FALSE,FALSE,0,727,255,0,126,30
FALSE,TRUE,0,1573.5,504,0,0,92
FALSE,FALSE,0,586.5,56,0,126,28
FALSE,TRUE,0,697,255,0,0,60
FALSE,TRUE,0,581,18,0,0,42
FALSE,FALSE,159,2272,342,0,76,12
FALSE,TRUE,0,283.5,128,0,0,571.5
FALSE,TRUE,121,3599,517,0,0,196
FALSE,TRUE,0,623.5,128,0,0,65
FALSE,TRUE,12.5,1343.5,238.5,0,0,126
FALSE,TRUE,122.5,1660,249,0,0,16
FALSE,TRUE,0,518,27,0,45.5,136
FALSE,FALSE,0,837,128,0,0,18
FALSE,TRUE,0,516.5,56,0,126,98
FALSE,TRUE,0,757.5,135,0,0,88
FALSE,FALSE,0,1601.5,504,0,0,64
FALSE,TRUE,0,845.5,156,0,0,60
FALSE,FALSE,197,3032,941,0,0,14
FALSE,FALSE,0,831,128,0,0,24
FALSE,FALSE,0,161,33.5,0,0,59.5
FALSE,FALSE,0,2232.5,229,0,0,18
FALSE,TRUE,201,3542,402,0,0,363
FALSE,FALSE,0,69.5,44,0,0,6
FALSE,TRUE,235,3493,573,0,76,54
FALSE,TRUE,197,3475,962,0,0,115.5
FALSE,TRUE,0,1509.5,643.5,0,0,51
FALSE,FALSE,44,297,92.5,0,10.5,35
FALSE,TRUE,44,254,92.5,0,10.5,78
FALSE,TRUE,0,136,27,0,0,75
FALSE,TRUE,0,832,135,0,0,13.5
FALSE,TRUE,0,1785,196.5,0,153,372
FALSE,FALSE,0,163,108,0,0,15
FALSE,TRUE,0,1785,194,0,21,348
FALSE,TRUE,0,1638.5,504,0,0,27
FALSE,TRUE,0,189,0,0,0,252
FALSE,FALSE,0,0,25,0,0,6
FALSE,TRUE,12.5,1329.5,238.5,0,0,140
FALSE,TRUE,0,1340.5,407,0,0,133
FALSE,TRUE,0,1284.5,629.5,0,0,276
FALSE,TRUE,0,1260,379.5,0,0,213.5
FALSE,TRUE,0,15,0,325.5,0,39
FALSE,FALSE,0,39,0,325.5,0,15
FALSE,FALSE,0,1500,607,0,0,20
FALSE,FALSE,0,45,0,0,0,10.5
FALSE,TRUE,0,889.5,0,0,0,63
FALSE,FALSE,0,0,0,0,0,36
FALSE,TRUE,0,0,0,0,0,1528
FALSE,TRUE,0,459.5,0,0,20,73.5
TRUE,TRUE,0,49,0,0,0,168
FALSE,TRUE,0,190,0,0,0,27
FALSE,TRUE,0,212.5,36,0,0,171
FALSE,TRUE,0,686.5,0,0,0,266
FALSE,FALSE,0,105,0,0,0,17.5
FALSE,TRUE,0,10,0,0,0,294
FALSE,TRUE,0,360.5,0,0,0,592
FALSE,FALSE,0,127.5,0,5,0,16
FALSE,FALSE,0,3596,7.5,0,0,45
FALSE,FALSE,0,294,0,0,0,10
FALSE,FALSE,0,0,0,0,0,13.5
FALSE,FALSE,0,3623.5,7.5,0,0,17.5
FALSE,TRUE,0,83,0,5,0,105
FALSE,TRUE,0,0,0,33,0,159
FALSE,TRUE,0,10.5,0,0,0,36
FALSE,FALSE,0,33,14,0,0,30
FALSE,TRUE,0,13.5,0,0,0,28
FALSE,TRUE,0,33,14,0,0,15
FALSE,FALSE,0,0,0,0,0,20
FALSE,TRUE,0,903,0,0,0,101.5
FALSE,TRUE,0,17.5,44,0,0,160
FALSE,TRUE,0,55.5,0,0,0,84
FALSE,FALSE,0,22.5,15,0,0,14
FALSE,TRUE,0,0,0,0,0,104
FALSE,FALSE,0,132.5,0,0,0,7
FALSE,FALSE,0,0,0,0,0,12
FALSE,TRUE,0,14,15,0,0,22.5
FALSE,TRUE,0,115.5,0,0,0,24
FALSE,FALSE,0,0,0,0,0,13.5
FALSE,TRUE,0,115,0,0,0,24.5
FALSE,TRUE,0,297,4.5,18,0,32.5
FALSE,TRUE,0,215.5,4.5,18,0,114
FALSE,TRUE,0,394,4.5,18,0,45.5
FALSE,FALSE,0,0,0,0,0,13.5
TRUE,TRUE,0,18,0,0,0,220
FALSE,FALSE,0,433.5,4.5,18,0,28
FALSE,FALSE,0,389.5,4.5,46,0,50
FALSE,TRUE,0,174.5,0,18,0,22
FALSE,TRUE,0,39,0,0,0,31.5
FALSE,FALSE,0,624,0,0,0,31.5
FALSE,FALSE,4.5,125.5,24,0,0,7.5
FALSE,FALSE,0,179.5,0,0,0,7.5
FALSE,TRUE,0,0,0,0,0,104
FALSE,TRUE,4.5,30,0,0,0,120
FALSE,FALSE,0,6,30,0,0,12.5
FALSE,TRUE,0,39.5,0,0,0,35
FALSE,FALSE,4.5,250.5,18,0,0,7.5
FALSE,FALSE,0,77.5,0,0,0,4.5
FALSE,TRUE,0,140,0,0,0,508
FALSE,FALSE,0,547,0,0,0,108.5
FALSE,TRUE,0,1569,18,0,0,856
FALSE,TRUE,0,0,0,0,0,30
FALSE,FALSE,4.5,115.5,24,0,0,17.5
FALSE,TRUE,0,9,0,0,0,100
FALSE,FALSE,0,113.5,0,0,0,9
FALSE,TRUE,0,3026,54.5,25,0,42
FALSE,FALSE,0,3049.5,38.5,25,0,12.5
FALSE,TRUE,66.5,1230.5,453,20,180,159
FALSE,FALSE,0,4180.5,99.5,0,0,20
FALSE,FALSE,63,1877,519,0,180,18
FALSE,TRUE,0,1657.5,40,89,0,896
FALSE,FALSE,0,4173.5,99.5,0,0,27
FALSE,TRUE,66.5,2240.5,547,20,180,99
FALSE,TRUE,105.5,3249,343,20,180,105
FALSE,TRUE,0,3751.5,159.5,0,0,344
FALSE,FALSE,0,4216,159.5,0,0,24.5
FALSE,TRUE,0,4133.5,159.5,0,0,162
FALSE,TRUE,0,1841,45,0,0,200
FALSE,FALSE,0,133,0,0,0,12
FALSE,TRUE,0,624,112,0,31.5,511
FALSE,TRUE,63,878,421,0,0,312
FALSE,TRUE,105.5,3739,798,20,180,138
FALSE,FALSE,102,2541,456.5,0,180,70
FALSE,TRUE,66.5,3303,575,20,180,210
FALSE,TRUE,66.5,3236.5,441,20,180,63
FALSE,TRUE,63,718,217,0,0,196
FALSE,TRUE,0,1542,54.5,25,0,1520
FALSE,TRUE,0,3152,78.5,25,0,448
FALSE,FALSE,0,4083.5,159.5,0,0,12
FALSE,FALSE,0,2511.5,40,0,0,42
FALSE,TRUE,0,2967.5,54.5,25,0,94.5
FALSE,TRUE,0,2859.5,159.5,0,0,252
FALSE,FALSE,66.5,2240.5,819,20,180,17.5
FALSE,TRUE,0,2005.5,45,0,0,416
FALSE,FALSE,63,1151.5,367.5,0,0,38.5
FALSE,TRUE,0,30,0,0,0,38.5
FALSE,TRUE,105.5,3310,798,20,180,567
FALSE,TRUE,39,3191,192.5,20,180,196
FALSE,TRUE,105.5,3590,721,20,180,128
FALSE,TRUE,0,0,0,0,0,1104
FALSE,FALSE,0,1064,56,0,0,20
FALSE,FALSE,0,1076.5,56,0,0,7.5
FALSE,FALSE,0,1057,56,0,0,27
FALSE,FALSE,0,1071.5,56,0,0,12.5
FALSE,TRUE,0,1069,56,0,0,15
FALSE,TRUE,0,2917,152,0,0,15
FALSE,TRUE,0,2797,152,0,0,126
FALSE,TRUE,0,3672,60,0,211.5,165
FALSE,FALSE,0,1584.5,0,0,0,31.5
FALSE,FALSE,0,1270.5,235,0,0,9
FALSE,TRUE,0,502.5,287,0,0,30
FALSE,TRUE,13.5,2899,60,0,211.5,376
FALSE,FALSE,0,3783,30,0,211.5,54
FALSE,TRUE,0,2027.5,152,0,0,460
FALSE,TRUE,0,2132.5,75,0,0,32.5
FALSE,TRUE,0,1455,0,0,0,161
FALSE,FALSE,13.5,2755,347,0,211.5,21
FALSE,TRUE,0,2373.5,30,0,211.5,255.5
FALSE,TRUE,0,2528,152,0,0,367.5
FALSE,TRUE,0,2117,55,0,0,48
FALSE,TRUE,0,2612,152,0,0,283.5
FALSE,TRUE,0,143.5,15,22.5,0,325.5
FALSE,TRUE,45.5,3854,705.5,0,216,56
FALSE,TRUE,150.5,4861.5,1099,0,216,234.5
FALSE,FALSE,45.5,8465.5,787.5,0,216,77
FALSE,FALSE,45.5,3898,705.5,0,216,12
FALSE,FALSE,45.5,3878,705.5,0,216,32
FALSE,TRUE,213.5,4948,744.5,0,216,99
FALSE,TRUE,45.5,3670,705.5,0,216,240
FALSE,TRUE,28,334.5,83.5,0,0,243
FALSE,TRUE,45.5,3749,317,0,216,84
FALSE,TRUE,45.5,3765,705.5,0,216,145
FALSE,TRUE,45.5,5206.5,361,0,216,276
FALSE,TRUE,0,0,0,0,0,67.5
FALSE,TRUE,0,378,21,0,0,213.5
FALSE,FALSE,0,577.5,20,0,0,21
FALSE,TRUE,0,466.5,20,0,0,56
FALSE,FALSE,0,0,15,0,0,21
FALSE,FALSE,0,319,0,760,0,640.5
FALSE,TRUE,0,3522.5,235,0,31.5,108
FALSE,TRUE,0,3637.5,424.5,0,31.5,329
FALSE,TRUE,0,141,0,0,0,732
FALSE,FALSE,0,574.5,0,0,0,15
FALSE,FALSE,0,1026.5,0,0,0,17.5
FALSE,TRUE,0,0,0,0,51,16
FALSE,TRUE,0,775,112,0,31.5,360
FALSE,FALSE,0,1545.5,523.5,0,0,15
FALSE,TRUE,0,139,152,0,0,63
FALSE,FALSE,0,0,0,0,0,31.5
FALSE,TRUE,0,0,0,0,0,45.5
FALSE,TRUE,0,0,0,0,0,59.5
FALSE,TRUE,0,0,0,0,0,136
FALSE,TRUE,0,1221.5,15,0,28,378
TRUE,FALSE,0,6510,211,0,906,119
TRUE,FALSE,0,4990.5,111,0,186,675.5
FALSE,TRUE,0,2738.5,100,0,720,180
FALSE,FALSE,0,539,429.5,0,50,4.5
FALSE,TRUE,0,3220.5,681,0,0,414
TRUE,FALSE,0,482,70,0,515,141
TRUE,FALSE,0,3587,91,0,542,176
TRUE,FALSE,0,6533,211,0,906,96
FALSE,FALSE,0,7634,211,0,861,16
FALSE,FALSE,0,0,0,0,0,31.5
FALSE,TRUE,0,4063,432,0,75,152
FALSE,FALSE,0,6731,91,0,542,24
FALSE,TRUE,0,1450,15,0,28,132
TRUE,FALSE,0,0,0,0,0,3256
FALSE,FALSE,0,6546.5,191,0,1190,12
FALSE,FALSE,0,6734,91,0,542,21
TRUE,FALSE,0,2506,20,0,90,270
FALSE,TRUE,0,0,0,0,0,142.5
FALSE,FALSE,36,657,187,0,60,20
FALSE,FALSE,0,1791,69,0,0,24
TRUE,FALSE,0,0,0,0,0,27
FALSE,FALSE,0,920.5,93.5,0,0,20
FALSE,FALSE,0,0,0,0,64,10
FALSE,FALSE,0,20,0,0,0,9
FALSE,TRUE,0,76,0,0,57,98
FALSE,TRUE,0,0,0,0,0,244
FALSE,FALSE,0,93,0,0,0,35
FALSE,FALSE,0,15,0,0,47,24
FALSE,TRUE,0,375,0,0,0,117
FALSE,TRUE,0,35,0,0,0,93
FALSE,TRUE,0,356,93.5,0,0,584.5
FALSE,TRUE,0,604.5,93.5,0,0,336
FALSE,TRUE,0,0,22.5,0,339,184.5
FALSE,FALSE,0,98.5,0,0,0,13.5
FALSE,FALSE,0,0,0,87,0,38
FALSE,FALSE,0,61.5,0,0,0,6
FALSE,TRUE,0,0,15,0,0,28
FALSE,FALSE,0,18,0,0,0,49.5
FALSE,TRUE,0,122.5,0,0,0,44
FALSE,TRUE,0,20,0,0,0,454.5
FALSE,FALSE,0,0,0,15,0,12
FALSE,FALSE,0,20,0,0,0,6
FALSE,TRUE,0,121.5,0,0,0,87.5
FALSE,FALSE,0,76.5,10.5,0,0,24
FALSE,FALSE,0,0,20,0,0,12
FALSE,TRUE,0,10,0,0,0,292.5
FALSE,FALSE,0,195.5,0,0,0,13.5
FALSE,FALSE,0,0,0,0,0,10.5
FALSE,FALSE,0,6,0,0,0,20
FALSE,TRUE,0,0,0,0,0,88
FALSE,FALSE,0,0,0,0,0,24
FALSE,TRUE,0,1183.5,0,0,0,15
FALSE,TRUE,0,1570,204,0,20,203
FALSE,TRUE,0,0,16,0,0,248
FALSE,TRUE,0,1977.5,796,0,0,168
FALSE,FALSE,0,1601,204,0,20,154
FALSE,TRUE,0,1717.5,720,0,0,428
FALSE,TRUE,0,1717,0,108,0,376
FALSE,TRUE,9,910,508,0,0,33
FALSE,TRUE,0,1142.5,0,0,0,56
FALSE,FALSE,0,2103.5,1213,8,0,10
FALSE,FALSE,9,839,547,52.5,0,30
FALSE,FALSE,0,1744.5,204,0,20,10.5
FALSE,TRUE,0,507.5,1581.5,0,22.5,276
FALSE,FALSE,0,2545,1394,8,0,27
FALSE,TRUE,0,555,204,0,20,1200
FALSE,TRUE,0,1689.5,766.5,0,508.5,22.5
FALSE,TRUE,0,1397,0,108,0,540
FALSE,TRUE,0,147.5,75,0,0,455
FALSE,FALSE,0,1739,204,0,20,16
FALSE,TRUE,0,2064.5,1563,0,0,836
FALSE,TRUE,0,2730.5,0,108,0,264
FALSE,FALSE,0,61.5,56.5,0,0,24
FALSE,TRUE,0,783.5,0,0,0,544
FALSE,TRUE,0,120,14,0,0,236
FALSE,FALSE,15,143.5,0,0,0,42
FALSE,TRUE,0,182,45,0,0,1304
FALSE,TRUE,0,120,154,0,0,35
FALSE,FALSE,0,0,224,0,0,12.5
FALSE,FALSE,15,152.5,0,0,0,33
FALSE,FALSE,0,1612,198,0,0,57
FALSE,FALSE,292,492,169,0,0,25
FALSE,TRUE,236,104.5,45.5,0,0,297.5
FALSE,FALSE,0,1098,0,0,0,10
FALSE,TRUE,0,176,0,0,0,456
FALSE,FALSE,0,606,135,0,0,15
FALSE,FALSE,0,573,135,0,0,48
FALSE,TRUE,0,0,0,0,0,38.5
FALSE,TRUE,0,647.5,0,0,0,444
FALSE,TRUE,0,565,135,0,0,56
FALSE,TRUE,0,283,135,0,0,320
FALSE,FALSE,56,502,169,0,0,15
FALSE,FALSE,15,133,0,0,0,52.5
FALSE,FALSE,292,390,45.5,0,0,12
FALSE,FALSE,0,93,0,0,0,45.5
FALSE,TRUE,0,1630,198,0,0,39
FALSE,FALSE,200,179.5,349,0,0,28
FALSE,FALSE,0,1712.5,70.5,0,0,21
FALSE,FALSE,0,315,72,0,0,7.5
FALSE,FALSE,20,877.5,22.5,0,0,18
FALSE,TRUE,0,106.5,0,0,0,216
FALSE,FALSE,0,64,0,0,0,16
FALSE,FALSE,0,50,0,0,0,30
FALSE,TRUE,0,15,0,158,0,237
FALSE,FALSE,0,17.5,35,0,0,9
FALSE,TRUE,0,36,0,0,0,35
FALSE,FALSE,0,50,0,0,0,21
FALSE,FALSE,0,56,0,0,0,15
FALSE,FALSE,0,0,0,0,0,31.5
FALSE,TRUE,20,847.5,22.5,0,0,48
FALSE,FALSE,0,0,31.5,0,0,16
FALSE,TRUE,20,223.5,22.5,0,0,672
FALSE,TRUE,30,25.5,0,0,0,35
FALSE,FALSE,0,339.5,0,0,0,10
FALSE,FALSE,0,143,0,0,0,76
FALSE,FALSE,0,171,0,0,0,12
FALSE,TRUE,0,139,0,0,0,44
FALSE,FALSE,0,339.5,0,0,0,10
FALSE,FALSE,0,308.5,10.5,18,0,15
FALSE,TRUE,0,1443,607,0,0,45
FALSE,FALSE,0,861,122,27.5,0,28
FALSE,FALSE,0,813,122,27.5,0,76
FALSE,TRUE,0,0,0,0,0,40
FALSE,FALSE,0,908,0,59,0,18
FALSE,FALSE,0,441,28,0,0,12
FALSE,TRUE,0,311.5,10.5,18,0,12
FALSE,TRUE,0,222.5,28,0,0,24
FALSE,TRUE,0,765,0,55,0,161
FALSE,TRUE,0,71,44,0,0,108.5
FALSE,FALSE,0,307.5,10.5,18,0,16
FALSE,TRUE,0,1376.5,607,0,0,143.5
FALSE,TRUE,0,793,122,27.5,0,96
FALSE,FALSE,0,880,122,27.5,0,9
FALSE,FALSE,0,1327,607,0,0,14
FALSE,TRUE,0,10,15,147,0,148
FALSE,FALSE,0,0,0,0,0,14
FALSE,TRUE,0,686,0,52,0,504
FALSE,FALSE,0,439.5,28,0,0,13.5
FALSE,TRUE,0,1022,0,24,0,168
FALSE,TRUE,0,49.5,28,0,0,129.5
FALSE,TRUE,0,747,0,87,0,264
FALSE,TRUE,0,1213,544,0,0,69
FALSE,FALSE,0,0,15,147,0,12
FALSE,FALSE,0,148,15,147,0,10
FALSE,TRUE,0,1484,607,0,0,36
FALSE,TRUE,0,1160,607,0,0,360
FALSE,TRUE,0,93,0,18,0,206.5
FALSE,TRUE,0,879,122,27.5,0,10
FALSE,FALSE,0,2655.5,57,0,0,16
FALSE,FALSE,0,165.5,44,0,0,14
FALSE,TRUE,0,147.5,44,0,0,32
FALSE,FALSE,0,125.5,13.5,0,0,39
FALSE,FALSE,0,316.5,285,0,0,20
FALSE,FALSE,0,146.5,13.5,0,0,18
FALSE,TRUE,0,111,62.5,0,0,112
FALSE,FALSE,117.5,362,0,18,0,35
FALSE,TRUE,0,435.5,18,0,0,24
FALSE,FALSE,0,463.5,31,17.5,0,77
FALSE,TRUE,0,858,16,17.5,0,213.5
FALSE,TRUE,0,302,18,0,0,157.5
FALSE,TRUE,0,168.5,285,0,0,168
FALSE,FALSE,117.5,341,35,18,0,12
FALSE,FALSE,0,397.5,0,18,0,17.5
FALSE,TRUE,0,826.5,31,17.5,0,105
FALSE,FALSE,0,293.5,53,0,0,18
FALSE,FALSE,0,236,23.5,18,15,44
FALSE,TRUE,0,749.5,16,75.5,0,140
FALSE,TRUE,0,283.5,53,0,0,75
FALSE,TRUE,0,0,0,0,0,400
FALSE,FALSE,0,184,152,0,0,18
FALSE,FALSE,0,397,49,0,0,13.5
FALSE,FALSE,0,961.5,0,0,0,98
FALSE,TRUE,30,855,106,20,0,64
FALSE,TRUE,0,232,49,0,0,178.5
FALSE,FALSE,0,674,0,0,0,76
FALSE,TRUE,0,0,20,0,0,102
FALSE,FALSE,0,1901,94,0,234.5,33
FALSE,FALSE,0,2282,106,0,234.5,56
FALSE,FALSE,0,328.5,0,20,0,6
FALSE,FALSE,0,1885,94,0,234.5,49
FALSE,TRUE,0,2395,106,20,234.5,150
FALSE,FALSE,0,1095,0,0,0,17.5
FALSE,TRUE,0,344.5,49,0,0,66
FALSE,TRUE,0,1024.5,0,0,0,88
FALSE,FALSE,0,198.5,0,0,0,27
FALSE,TRUE,0,0,0,0,0,63
FALSE,TRUE,0,1607,50,0,234.5,240
FALSE,FALSE,0,478.5,0,0,0,27
FALSE,TRUE,0,341.5,49,0,0,69
FALSE,TRUE,0,874,0,0,0,185.5
FALSE,TRUE,0,1742,50,0,234.5,105
FALSE,TRUE,0,1031.5,0,0,0,28
FALSE,FALSE,0,166,152,0,0,36
FALSE,FALSE,0,427.5,0,20,0,15
FALSE,FALSE,0,1919,66,0,234.5,15
FALSE,FALSE,0,1907,94,0,234.5,27
FALSE,FALSE,0,187,0,0,0,38.5
FALSE,FALSE,0,995,0,0,0,35
FALSE,FALSE,30,491,40,10,0,15
FALSE,TRUE,0,139,152,0,0,63
FALSE,TRUE,0,0,0,0,0,45.5
FALSE,TRUE,0,368.5,49,0,0,42
FALSE,TRUE,0,397,0,20,0,45.5
FALSE,FALSE,0,399,0,0,0,42
FALSE,TRUE,0,114,0,0,0,100
FALSE,TRUE,0,345,240,0,0,384
FALSE,TRUE,0,23,27,0,0,144
FALSE,FALSE,0,159,27,0,0,8
FALSE,FALSE,7.5,260,34.5,0,0,21
FALSE,TRUE,0,555,101,0,0,116
TRUE,FALSE,0,1700,45,0,0,48
FALSE,TRUE,0,1676,45,0,0,72
FALSE,FALSE,0,268,45.5,0,0,7.5
FALSE,TRUE,0,835,222.5,53,0,88
FALSE,TRUE,0,554,73,0,0,117
FALSE,TRUE,0,76.5,0,0,0,99
FALSE,TRUE,7.5,223.5,34.5,0,0,57.5
FALSE,TRUE,0,1725.5,45,0,0,22.5
FALSE,TRUE,0,715,240,0,0,14
FALSE,TRUE,0,878,240,53,0,54
FALSE,TRUE,24.5,714,10.5,0,0,22.5
FALSE,FALSE,24.5,673.5,10.5,0,0,63
FALSE,FALSE,0,196,0,0,0,18
FALSE,FALSE,24.5,722.5,10.5,0,0,14
FALSE,FALSE,0,651,101,0,0,20
FALSE,TRUE,0,503,101,0,0,168
FALSE,TRUE,0,19.5,45.5,0,0,256
FALSE,TRUE,0,743,222.5,53,0,180
FALSE,TRUE,0,431,101,0,0,240
FALSE,FALSE,0,263.5,45.5,0,0,12
FALSE,FALSE,0,138,0,0,0,4.5
FALSE,TRUE,0,58.5,0,0,0,84
FALSE,FALSE,0,124.5,0,0,0,18
FALSE,FALSE,0,157,0,0,0,28
FALSE,TRUE,0,59.5,0,0,0,56
FALSE,TRUE,0,156.5,13.5,0,0,17.5
FALSE,FALSE,0,150,13.5,0,0,31.5
FALSE,TRUE,0,56,0,0,0,59.5
FALSE,FALSE,0,403.5,0,0,0,10
FALSE,FALSE,0,171.5,18,0,0,10
FALSE,TRUE,0,139.5,13.5,0,0,42
FALSE,FALSE,18,196.5,4.5,0,0,7.5
FALSE,FALSE,0,171,18,0,0,10.5
FALSE,FALSE,0,389,0,0,0,24.5
FALSE,FALSE,18,50,4.5,0,0,12.5
FALSE,FALSE,0,373.5,0,0,0,40
FALSE,FALSE,0,278.5,54,0,0,30
FALSE,TRUE,0,92,7.5,0,0,96
FALSE,FALSE,0,382.5,7.5,0,0,24
FALSE,TRUE,0,204,7.5,0,0,202.5
FALSE,TRUE,0,100.5,7.5,0,0,80
FALSE,FALSE,0,176,7.5,0,0,4.5
FALSE,FALSE,0,293.5,54,0,0,15
FALSE,FALSE,0,0,0,0,0,10.5
FALSE,FALSE,0,66.5,0,0,0,9
FALSE,TRUE,0,27,0,0,0,56
FALSE,FALSE,0,208.5,31.5,0,0,44
FALSE,TRUE,0,28,15,0,0,108.5
FALSE,TRUE,0,71,0,0,0,124
FALSE,FALSE,0,139,0,0,0,56
FALSE,FALSE,0,0,0,0,0,17.5
FALSE,FALSE,0,22.5,0,0,0,7.5
FALSE,FALSE,0,152,0,0,0,7.5
FALSE,FALSE,0,166,0,77,0,59.5
FALSE,TRUE,0,189.5,0,77,0,36
FALSE,FALSE,0,182,0,94.5,0,12
FALSE,FALSE,0,158,0,9,0,31.5
FALSE,FALSE,0,218,0,77,0,7.5
FALSE,FALSE,0,210.5,0,94.5,0,15
FALSE,FALSE,0,170,0,94.5,0,24
FALSE,FALSE,0,242,0,0,0,30
FALSE,TRUE,0,450.5,0,0,0,280
FALSE,FALSE,0,7.5,0,0,0,4.5
FALSE,FALSE,0,24,0,0,0,24.5
FALSE,FALSE,19,546,0,0,0,4.5
FALSE,TRUE,0,186,0,0,0,102
FALSE,FALSE,0,252,0,0,0,6
FALSE,FALSE,19,309.5,27,0,0,24
FALSE,FALSE,0,13.5,90,0,0,8
FALSE,FALSE,0,0,0,0,0,12
FALSE,FALSE,12.5,493.5,0,0,0,40
FALSE,FALSE,12.5,529.5,0,0,0,4
FALSE,TRUE,0,0,0,0,0,25
FALSE,TRUE,0,134,56.5,0,0,120
FALSE,TRUE,0,0,0,0,0,192
TRUE,FALSE,0,210,56.5,0,0,44
FALSE,TRUE,0,24,0,0,0,44
FALSE,TRUE,0,0,0,0,0,45.5
FALSE,TRUE,0,16.5,0,0,0,108.5
FALSE,FALSE,0,70.5,0,42,0,17.5
FALSE,FALSE,0,0,0,0,0,35
FALSE,FALSE,0,0,0,0,0,21
FALSE,FALSE,0,4.5,0,0,0,87.5
FALSE,FALSE,0,0,0,34,0,12.5
FALSE,FALSE,0,0,0,0,0,27
FALSE,FALSE,0,680.5,61.5,0,0,4.5
FALSE,FALSE,0,669,21,0,0,16
FALSE,FALSE,0,829,21,0,0,30
FALSE,TRUE,0,451.5,14,0,0,499.5
FALSE,TRUE,0,431.5,24,0,0,477
FALSE,TRUE,0,0,0,0,0,176
FALSE,TRUE,0,172,0,0,0,72
FALSE,FALSE,0,975.5,35,0,0,24.5
FALSE,TRUE,0,698.5,175,0,0,129
FALSE,FALSE,0,1580,91.5,89,0,30
FALSE,TRUE,0,860.5,35,0,0,139.5
FALSE,FALSE,30,25.5,30,0,0,9
FALSE,TRUE,0,247.5,51,0,0,236
FALSE,FALSE,15,0,0,25,0,16
FALSE,TRUE,36,287.5,166,0,60,304
FALSE,TRUE,0,1010.5,141.5,77,0,98
FALSE,FALSE,0,630,63,0,15,56
FALSE,FALSE,36,511.5,166,0,60,54
FALSE,TRUE,0,1330,91.5,89,0,123
FALSE,TRUE,0,1006.5,141.5,0,0,72
FALSE,TRUE,36,489.5,186,0,60,102
FALSE,FALSE,0,965,35,0,0,35
FALSE,FALSE,0,925,35,0,0,45
FALSE,TRUE,0,1009.5,116.5,0,0,69
FALSE,TRUE,0,797,95,0,0,159
FALSE,TRUE,0,499,54,0,0,747
FALSE,TRUE,20,981.5,69.5,0,0,80.5
FALSE,TRUE,0,0,31.5,0,0,40
FALSE,TRUE,0,468.5,173.5,33,308,760
FALSE,FALSE,0,1344.5,173.5,0,325.5,12
FALSE,TRUE,0,1222.5,173.5,33,325.5,6
FALSE,TRUE,0,808.5,50,0,0,112
FALSE,TRUE,0,1775,173.5,0,325.5,137.5
FALSE,TRUE,20,291,53.5,0,0,248
FALSE,FALSE,0,1299.5,159,0,0,20
FALSE,TRUE,0,10,104.5,0,0,454.5
FALSE,FALSE,32,799.5,12.5,0,0,24.5
FALSE,TRUE,20,862,69.5,0,0,200
FALSE,TRUE,0,1014,54,0,0,232
FALSE,FALSE,0,451.5,175.5,0,0,18
FALSE,FALSE,0,799.5,35.5,0,0,10
FALSE,TRUE,0,664,71.5,0,0,256.5
FALSE,TRUE,0,1293,173.5,0,189,128
FALSE,TRUE,0,698.5,20.5,0,0,111
FALSE,FALSE,0,454.5,104.5,0,0,10
FALSE,FALSE,0,579,139,0,0,19.5
FALSE,FALSE,0,1222,54,0,0,24
FALSE,TRUE,0,0,0,0,0,84
FALSE,FALSE,0,1867,173.5,0,325.5,45.5
FALSE,TRUE,32,469,111,0,0,144
FALSE,FALSE,0,115.5,0,0,0,27
FALSE,TRUE,0,2936.5,486.5,0,0,572
FALSE,FALSE,0,497.5,192,0,0,7.5
FALSE,FALSE,0,148.5,80,0,0,75
TRUE,FALSE,0,2305,740,0,162.5,5812
FALSE,TRUE,0,5592.5,157.5,52.5,0,1840
FALSE,TRUE,0,27.5,0,0,0,2648
FALSE,TRUE,0,2468,289,0,0,4302
FALSE,TRUE,0,4600.5,270,0,0,396
FALSE,TRUE,0,2786,935.5,0,0,159
FALSE,TRUE,0,4428,140.5,0,0,717
FALSE,FALSE,0,4149.5,102.5,0,0,16
FALSE,TRUE,0,758.5,34,0,44,624
FALSE,TRUE,0,7.5,0,0,0,850.5
FALSE,TRUE,0,1716.5,204,0,20,38.5
FALSE,TRUE,0,3224.5,80.5,0,0,2600
FALSE,TRUE,0,1110,3,0,0,2964
FALSE,TRUE,0,3783,0,1127,0,67.5
FALSE,TRUE,0,1231.5,0,391.5,0,414
FALSE,FALSE,0,1617.5,0,391.5,0,28
FALSE,FALSE,0,4200,432,0,75,15
FALSE,TRUE,0,2137.5,40,0,0,416
FALSE,FALSE,0,0,0,0,0,20
TRUE,TRUE,0,1592,0,0,0,5409
FALSE,TRUE,0,1142,10.5,75,0,4468
FALSE,TRUE,0,3558.5,31.5,0,0,836
FALSE,TRUE,0,1373,25,0,0,508
FALSE,FALSE,0,615,38,0,0,120
FALSE,TRUE,0,1999.5,114.5,0,0,626.5
FALSE,TRUE,0,2439,42,0,0,2944
TRUE,FALSE,0,15841,549,0,965.5,2920
FALSE,FALSE,0,4816.5,797.5,0,63,7.5
FALSE,TRUE,0,0,0,0,0,280
FALSE,TRUE,0,186.5,378,0,0,301
FALSE,TRUE,0,533,0,0,0,904
FALSE,TRUE,0,6634.5,367.5,0,13.5,780.5
TRUE,TRUE,0,13896.5,634,0,1075.5,1043
FALSE,TRUE,0,6546,432,0,30,35
FALSE,TRUE,0,6357,432,0,30,224
FALSE,TRUE,0,441,24,0,0,294
FALSE,TRUE,0,0,0,0,0,42
FALSE,TRUE,66.5,4136,776,0,0,330
FALSE,FALSE,0,587.5,56,0,0,27
FALSE,TRUE,0,6061,346.5,0,0,560
FALSE,TRUE,45.5,3794.5,705.5,0,216,115.5
FALSE,FALSE,0,0,0,0,0,7.5
FALSE,FALSE,0,13942,481,1894,550.5,518
FALSE,TRUE,0,0,30,0,0,104
FALSE,TRUE,0,836,608.5,0,0,724.5
FALSE,TRUE,0,5152,714,0,31.5,199.5
FALSE,TRUE,0,264,0,0,0,463.5
FALSE,TRUE,0,6335,526.5,0,99,330
FALSE,TRUE,0,0,31.5,0,0,3951
FALSE,TRUE,0,2523,152,0,0,372.5
FALSE,TRUE,0,1367.5,104.5,0,13.5,1436
FALSE,FALSE,0,174.5,18,0,0,25
FALSE,FALSE,0,6523,42,0,0,24
FALSE,TRUE,0,3169,174.5,0,13.5,12.5
FALSE,FALSE,0,8099.5,740,0,162.5,17.5
FALSE,FALSE,0,1668.5,0,0,0,87.5
FALSE,TRUE,0,5170.5,86,0,0,2110.5
FALSE,FALSE,0,104.5,18,0,0,95
FALSE,FALSE,0,3120.5,294,0,0,10.5
TRUE,FALSE,0,14064,559.5,1414,1151,45
FALSE,TRUE,0,297,7.5,0,0,180
FALSE,TRUE,0,9197.5,742,0,99,576
FALSE,TRUE,0,1037,0,560,0,165
FALSE,TRUE,0,3798.5,262.5,0,31.5,168
FALSE,TRUE,0,1617,0,0,0,203
FALSE,TRUE,0,6508.5,42,0,0,38.5
FALSE,TRUE,0,3106.5,270,0,0,1890
FALSE,TRUE,0,0,0,0,0,155
FALSE,TRUE,0,3723,190,56,0,420
FALSE,FALSE,0,1904.5,81,0,18,280
FALSE,TRUE,0,1556.5,0,346.5,0,56
FALSE,FALSE,0,62,0,0,0,132
FALSE,TRUE,0,2053,20,0,44,588
FALSE,FALSE,0,146.5,0,0,0,17.5
FALSE,TRUE,0,66.5,109,0,0,532
FALSE,TRUE,0,1928,18,0,0,497
FALSE,TRUE,0,443,27,0,45.5,111
FALSE,FALSE,0,307.5,52,0,0,13.5
FALSE,FALSE,0,710.5,153,0,0,44
FALSE,FALSE,0,91.5,0,0,0,72.5
FALSE,TRUE,0,311.5,80,0,0,609
TRUE,FALSE,0,20338.5,2316.5,0,1054.5,884
FALSE,TRUE,0,148,0,0,0,129.5
FALSE,TRUE,0,1030.5,0,0,0,460
FALSE,TRUE,0,1625.5,0,391.5,0,20
FALSE,TRUE,0,2432,1697.5,0,0,458.5
FALSE,TRUE,0,561.5,489.5,0,0,246
FALSE,TRUE,0,208,0,0,0,36
FALSE,FALSE,196,14676,2658,510,1298.5,22.5
FALSE,FALSE,0,0,0,0,0,18
FALSE,TRUE,0,2268.5,205,0,0,648
FALSE,TRUE,0,1180,0,0,0,66
FALSE,TRUE,0,1153.5,31.5,0,0,1836
FALSE,TRUE,0,3946.5,262.5,0,31.5,20
FALSE,TRUE,0,5274,10.5,75,0,336
FALSE,TRUE,0,770.5,18,0,0,220
FALSE,TRUE,0,0,0,0,0,241.5
FALSE,FALSE,0,0,0,0,0,15
FALSE,TRUE,0,2475.5,342,0,0,161
FALSE,TRUE,0,732,0,0,0,141
FALSE,TRUE,0,2909.5,102.5,0,0,92
FALSE,TRUE,0,1128.5,0,0,0,70
FALSE,FALSE,122.5,1016,147,0,0,10.5
FALSE,TRUE,0,5177,247.5,0,0,488
FALSE,FALSE,0,0,0,0,0,17.5
FALSE,TRUE,0,0,0,0,0,496
FALSE,TRUE,0,15,0,0,0,70
FALSE,TRUE,152.5,3591,427,0,0,312
FALSE,TRUE,0,241.5,87.5,0,0,542.5
FALSE,TRUE,159,1164,570,0,76,1120
FALSE,FALSE,0,14358.5,481,1894,550.5,101.5
FALSE,TRUE,0,2508.5,504,0,0,1528
TRUE,FALSE,0,13353.5,571,1414,1320.5,112.5
FALSE,TRUE,0,199.5,544.5,0,0,1876
FALSE,TRUE,0,0,0,0,0,346.5
FALSE,TRUE,168,374.5,436.5,0,0,847
FALSE,TRUE,0,1352,81,0,18,832.5
FALSE,FALSE,0,11211,1016.5,1013,1092.5,504
FALSE,TRUE,0,50,16,0,0,444.5
FALSE,TRUE,13.5,3323.5,60,0,211.5,536
FALSE,TRUE,0,0,0,0,0,444
FALSE,TRUE,0,868.5,0,0,0,244
FALSE,TRUE,0,2850.5,821.5,0,0,21
FALSE,FALSE,197,4252.5,1097.5,0,0,12
FALSE,TRUE,66.5,4035.5,869.5,0,0,430.5
FALSE,TRUE,0,1405,211.5,0,0,108.5
FALSE,TRUE,0,0,0,0,0,31.5
FALSE,TRUE,0,0,0,0,0,689.5
FALSE,FALSE,0,66,14,0,0,12
FALSE,FALSE,0,0,0,0,0,31.5
FALSE,FALSE,0,0,0,0,0,14
FALSE,TRUE,0,3438,245,0,31.5,528.5
FALSE,TRUE,231.5,2842.5,166.5,0,0,52.5
FALSE,FALSE,0,161,32,0,0,42
FALSE,TRUE,0,0,0,0,0,204
FALSE,TRUE,0,4617,247.5,0,0,1048
FALSE,TRUE,0,46,15,192.5,0,588
FALSE,FALSE,258.5,1551.5,136,0,0,10.5
FALSE,TRUE,0,0,0,0,0,38.5
TRUE,TRUE,0,0,0,0,0,376
FALSE,TRUE,0,1289,607,0,0,231
FALSE,TRUE,0,890.5,16,68,0,104
FALSE,TRUE,62,2259.5,528.5,0,288,150
FALSE,FALSE,0,12294,384.5,1106,1092.5,6
FALSE,FALSE,0,24,0,0,0,6
FALSE,TRUE,0,1304,45,0,0,182
FALSE,FALSE,0,229.5,7.5,0,0,21
FALSE,TRUE,0,253.5,92,0,0,69
FALSE,TRUE,0,0,0,0,0,128
FALSE,FALSE,0,0,0,0,0,3
FALSE,FALSE,0,55.5,0,0,0,12
FALSE,FALSE,0,192,152,0,0,10
FALSE,TRUE,152.5,3567,427,0,0,336
FALSE,TRUE,0,164,29,103.5,31.5,21
FALSE,TRUE,0,18,18,0,0,66.5
FALSE,FALSE,0,2168,20,0,90,608
FALSE,FALSE,0,1378,235,0,0,27.5
FALSE,FALSE,117.5,64.5,0,18,0,12.5
FALSE,FALSE,0,887.5,156,0,0,18
FALSE,FALSE,0,970.5,475.5,0,166.5,4.5
TRUE,FALSE,144,6325.5,863.5,491,550.5,78
FALSE,TRUE,0,184.5,388.5,0,0,14
FALSE,TRUE,0,0,0,0,0,252
FALSE,FALSE,0,573,25,141,0,16
FALSE,TRUE,0,456,378,0,0,31.5
FALSE,FALSE,0,5645,247.5,0,0,20
FALSE,FALSE,0,6407,494.5,1372,138,12
FALSE,FALSE,0,20,63,0,0,12
FALSE,TRUE,152,1332.5,61,0,32.5,15
FALSE,FALSE,260,3960.5,1139.5,0,76,22.5
FALSE,FALSE,0,182,124,0,0,18
FALSE,FALSE,0,2434,119,0,0,27
FALSE,TRUE,0,0,0,0,0,45.5
FALSE,FALSE,0,6570,135.5,1848,309,24
FALSE,FALSE,0,207,186.5,0,0,12.5
FALSE,TRUE,0,67.5,31.5,0,0,49
FALSE,FALSE,0,78,56.5,0,0,7.5
FALSE,FALSE,0,36,0,0,0,10.5
FALSE,TRUE,0,0,0,0,0,259
FALSE,TRUE,0,91,0,0,0,255
FALSE,FALSE,0,520.5,287,0,0,12
FALSE,TRUE,231.5,2060,173.5,0,0,161
FALSE,TRUE,0,0,0,0,0,183
FALSE,TRUE,66.5,7661,2271,0,0,42.5
FALSE,TRUE,12.5,1419.5,238.5,0,0,30
FALSE,TRUE,0,182,32,0,0,21
FALSE,TRUE,0,41,36,0,0,20
FALSE,FALSE,168,2520,118.5,0,0,12
FALSE,FALSE,30,54.5,30,0,0,15
FALSE,FALSE,144,3881,87,476,623,117
FALSE,FALSE,0,5647,247.5,0,0,18
FALSE,TRUE,0,0,0,0,0,17.5
FALSE,FALSE,0,0,39,24,0,13.5
FALSE,FALSE,0,1013,0,0,0,49
FALSE,FALSE,0,0,0,0,0,27.5
FALSE,FALSE,0,159,13.5,0,0,15
FALSE,TRUE,0,59.5,31.5,0,0,57
FALSE,TRUE,0,0,0,0,0,252
FALSE,FALSE,0,1386,373.5,0,0,60
FALSE,TRUE,258.5,1243.5,136,54,0,52.5
FALSE,FALSE,0,1437.5,256,0,0,20
FALSE,TRUE,0,1211.5,373.5,0,0,234.5
FALSE,FALSE,0,885.5,20,0,0,15
FALSE,FALSE,22.5,116.5,0,0,0,13.5
FALSE,FALSE,0,1581,0,0,0,35
FALSE,FALSE,0,1528.5,643.5,0,0,32
FALSE,FALSE,49,562,85,0,0,112
FALSE,FALSE,0,751.5,34,0,0,10.5
FALSE,TRUE,0,937.5,37.5,0,0,63
FALSE,FALSE,0,998,127,0,0,10.5
FALSE,FALSE,0,66.5,0,0,0,14
FALSE,FALSE,20,1056,69.5,0,0,6
FALSE,FALSE,0,246.5,54,0,0,10
FALSE,TRUE,32,1207.5,118.5,0,0,105
FALSE,TRUE,0,0,0,0,0,24
FALSE,FALSE,0,740.5,108.5,0,0,24.5
FALSE,FALSE,0,312,285,0,0,24.5
FALSE,TRUE,0,1098.5,629.5,0,0,462
FALSE,TRUE,0,13.5,27,0,0,101.5
FALSE,FALSE,0,732.5,255,0,126,24.5
FALSE,TRUE,0,3809,424.5,0,31.5,157.5
FALSE,TRUE,13.5,3243.5,60,0,211.5,31.5
FALSE,TRUE,0,881.5,53.5,89,0,162
FALSE,FALSE,0,205,0,0,0,12
FALSE,FALSE,0,5088.5,80.5,0,0,736
FALSE,FALSE,0,409.5,4.5,28,0,30
FALSE,FALSE,122.5,1633.5,249,0,0,32
FALSE,FALSE,0,64,0,0,0,16
FALSE,FALSE,0,3938.5,424.5,0,31.5,28
FALSE,TRUE,20,738,22.5,0,0,157.5
FALSE,FALSE,0,58,80.5,0,0,10.5
FALSE,TRUE,0,911.5,0,0,0,150.5
FALSE,TRUE,0,15,0,0,0,136
FALSE,FALSE,0,182,18,0,0,17.5
FALSE,FALSE,0,10.5,0,0,0,16
FALSE,FALSE,0,223.5,7.5,0,0,14
FALSE,TRUE,0,1328,0,108,0,609
FALSE,FALSE,0,30,78,0,122.5,10.5
FALSE,FALSE,0,18,0,0,0,18
FALSE,TRUE,0,222.5,61,0,0,80
FALSE,FALSE,0,139.5,0,0,0,10.5
FALSE,FALSE,0,168.5,124,0,0,10.5
FALSE,TRUE,196,3008.5,1000.5,472,0,288
FALSE,TRUE,0,823,69,0,0,992
FALSE,TRUE,64,1113,41.5,0,0,69
FALSE,FALSE,0,1492.5,607,0,0,27.5
FALSE,FALSE,0,81,205,0,444,28
FALSE,FALSE,105.5,3789.5,859,20,180,17.5
FALSE,FALSE,49,614.5,85,0,0,17.5
FALSE,TRUE,170,3368.5,543.5,0,288,252
FALSE,FALSE,0,3950,262.5,0,31.5,16.5
FALSE,FALSE,0,5652.5,111,0,186,13.5
FALSE,FALSE,0,1062,71.5,0,0,27
FALSE,TRUE,0,0,0,0,0,238
FALSE,FALSE,0,0,0,0,0,32
FALSE,TRUE,0,0,0,0,0,336
FALSE,TRUE,0,1508,574,0,63,3388
FALSE,FALSE,13.5,3216,262,0,211.5,22.5
TRUE,FALSE,0,565.5,56,0,0,49
FALSE,FALSE,0,477.5,252,0,0,10
FALSE,FALSE,0,98,108,0,0,14
FALSE,FALSE,49,1449.5,71,0,0,21
FALSE,TRUE,0,417.5,0,20,0,25
FALSE,FALSE,66.5,699.5,114.5,0,0,14
FALSE,TRUE,0,227,56.5,0,0,27
FALSE,TRUE,170,2602,331.5,0,288,147
FALSE,FALSE,44,323,152,0,10.5,9
FALSE,TRUE,0,4519.5,479.5,0,0,100
FALSE,FALSE,0,393,49,0,0,17.5
FALSE,FALSE,0,134.5,0,0,0,10.5
FALSE,FALSE,0,432,4.5,18,0,7.5
FALSE,TRUE,28,256.5,123.5,0,0,321
FALSE,FALSE,0,152,27,0,0,15
FALSE,TRUE,0,7889.5,679,0,99,315
FALSE,FALSE,0,62,0,0,0,18
FALSE,FALSE,0,15981.5,245,0,965.5,27.5
FALSE,FALSE,0,752,0,0,0,132
FALSE,FALSE,0,693,38,0,0,42
FALSE,FALSE,0,1285,607,0,0,56
FALSE,TRUE,0,2473.5,261,0,32.5,198
FALSE,TRUE,0,1297,58.5,0,0,208
FALSE,TRUE,24.5,337,65.5,0,0,69
FALSE,FALSE,144,6385.5,863.5,491,550.5,18
FALSE,FALSE,0,2540.5,31.5,0,0,6
FALSE,FALSE,0,8358.5,717.5,0,99,10
FALSE,FALSE,0,571.5,159,0,0,27
FALSE,TRUE,0,400,16,20,0,144
FALSE,TRUE,0,184,32,0,0,10
FALSE,FALSE,0,477,16,0,0,17.5
FALSE,FALSE,0,729,255,0,126,28
FALSE,FALSE,0,1846.5,46.5,0,0,14
FALSE,TRUE,0,0,0,0,0,196
FALSE,TRUE,0,270.5,57,0,0,32.5
FALSE,TRUE,0,920.5,0,0,0,36
FALSE,TRUE,0,318.5,0,0,0,122.5
FALSE,FALSE,0,0,0,0,0,10.5
FALSE,FALSE,0,0,0,0,0,21
FALSE,TRUE,0,77,108,0,0,66
FALSE,TRUE,0,146,20,0,31.5,39
FALSE,TRUE,0,52.5,56.5,0,0,33
FALSE,TRUE,197,3960.5,700.5,0,166.5,49
FALSE,TRUE,0,6522,42,0,0,25
FALSE,FALSE,0,0,0,0,0,20
FALSE,FALSE,0,3948.5,262.5,0,31.5,18
FALSE,TRUE,0,505.5,59.5,0,0,304
FALSE,TRUE,0,1860.5,38,0,0,387
FALSE,FALSE,200,244,155.5,0,0,73.5
FALSE,FALSE,0,1416,0,0,0,35
FALSE,TRUE,0,1705,18,0,0,720
FALSE,TRUE,0,257,53,0,0,101.5
FALSE,TRUE,49,560,53.5,0,0,72
FALSE,FALSE,0,973,25.5,0,0,10
FALSE,FALSE,0,51,12,0,0,30
FALSE,FALSE,0,399.5,10.5,0,0,36
FALSE,FALSE,0,2405,129.5,0,0,7.5
FALSE,FALSE,0,6295,461,1372,138,31.5
FALSE,TRUE,0,792,0,0,0,92
FALSE,FALSE,0,0,0,0,0,10
FALSE,FALSE,0,136,0,0,0,15
FALSE,TRUE,0,0,0,0,0,132
FALSE,TRUE,0,987.5,38,0,0,1260
FALSE,TRUE,45.5,3675.5,705.5,0,216,234.5
FALSE,TRUE,0,132.5,0,0,0,31.5
FALSE,FALSE,36,659,187,0,60,18
FALSE,FALSE,0,171.5,0,0,0,20
TRUE,FALSE,144,3524,87,476,623,350
FALSE,TRUE,0,613,317,8,0,105
FALSE,FALSE,0,0,0,0,0,54
FALSE,TRUE,0,0,0,0,0,792
FALSE,TRUE,0,0,0,0,0,72
FALSE,TRUE,0,825,122,0,0,64
FALSE,TRUE,0,3337.5,581,0,0,297
FALSE,TRUE,123,1960,52,0,40.5,644
FALSE,TRUE,0,424.5,18,0,0,35
FALSE,TRUE,0,1751.5,58.5,0,0,72
FALSE,TRUE,45.5,3634,705.5,0,216,276
FALSE,TRUE,45.5,3885.5,705.5,0,216,24.5
FALSE,TRUE,0,1182.5,25,0,0,1035
FALSE,TRUE,0,13.5,170.5,0,0,310.5
TRUE,FALSE,0,14664,598,1894,550.5,483
FALSE,TRUE,0,4898.5,119,0,0,252
FALSE,TRUE,0,466.5,20,0,0,76
FALSE,TRUE,0,5220.5,157.5,52.5,0,2184
TRUE,FALSE,0,6737,0,0,22.5,264
FALSE,FALSE,197,4407,1076.5,0,0,10.5
FALSE,FALSE,0,0,0,0,0,14
FALSE,FALSE,0,0,0,0,0,35
FALSE,TRUE,0,1817,0,108,0,120
FALSE,TRUE,0,2469,252.5,0,153,36
FALSE,TRUE,0,1313,91.5,89,0,140
FALSE,FALSE,0,171,0,0,0,24
FALSE,TRUE,0,311.5,0,0,0,748
FALSE,TRUE,45.5,3364,705.5,0,216,546
FALSE,TRUE,0,1165,158.5,0,0,462
FALSE,FALSE,0,0,0,0,0,13.5
FALSE,FALSE,0,179,0,0,0,16
FALSE,FALSE,0,1433,0,0,0,18
FALSE,TRUE,0,0,0,0,0,133
FALSE,TRUE,0,3540.5,335.5,0,0,129.5
FALSE,TRUE,0,2469.5,40,0,0,532
FALSE,TRUE,0,250.5,49,0,0,156
FALSE,TRUE,0,5544,450.5,0,0,21
FALSE,FALSE,0,0,0,0,0,10.5
FALSE,FALSE,0,0,0,0,0,12
FALSE,FALSE,0,42.5,0,0,0,48
TRUE,TRUE,0,3763.5,0,1127,0,87
FALSE,TRUE,0,337.5,20,0,0,261
FALSE,TRUE,0,0,0,0,0,616
FALSE,FALSE,0,0,0,0,0,10
FALSE,FALSE,0,7959.5,211,0,861,24.5
FALSE,TRUE,0,1489.5,1314.5,0,354,588
TRUE,FALSE,0,4292,1912,0,114,45.5
FALSE,TRUE,0,83,46.5,0,0,1777.5
FALSE,TRUE,0,842.5,117,0,189,556
TRUE,TRUE,0,1224.5,232.5,0,0,101.5
FALSE,TRUE,0,177,0,0,20,294
TRUE,FALSE,0,12232,474.5,1618,196.5,68
FALSE,FALSE,0,0,0,0,0,37.5
FALSE,TRUE,0,0,0,284,0,1924
FALSE,FALSE,0,70,0,0,0,15
FALSE,TRUE,0,1240,544,0,0,42
FALSE,FALSE,45.5,3895,705.5,0,216,15
FALSE,FALSE,0,167,124,0,0,12
FALSE,TRUE,0,2274.5,30,0,44,524
FALSE,TRUE,0,3061,289.5,0,103.5,336
FALSE,TRUE,0,419.5,0,0,0,693
FALSE,TRUE,0,562,0,0,0,236
FALSE,TRUE,0,1857.5,25,0,0,38.5
TRUE,FALSE,0,13381.5,494.5,1894,138,185.5
TRUE,FALSE,0,7203.5,740,0,162.5,913.5
FALSE,FALSE,0,0,0,0,0,22.5
FALSE,TRUE,0,56,111,0,0,580
FALSE,FALSE,0,899.5,0,760,0,60
FALSE,TRUE,0,59,15,0,0,50
FALSE,TRUE,0,4614.5,575.5,0,99,28
FALSE,TRUE,152.5,3871,437,0,0,32
FALSE,TRUE,0,0,0,0,0,954
FALSE,TRUE,0,8390.5,458,0,0,464
FALSE,FALSE,0,171.5,18,0,0,28
FALSE,FALSE,144,3647,87,476,623,351
FALSE,FALSE,0,842.5,135,0,0,3
FALSE,TRUE,0,1848.5,311,0,0,1359
FALSE,FALSE,0,48,0,0,0,42.5
FALSE,TRUE,0,916,56,0,0,168
FALSE,TRUE,0,225.5,0,0,0,148
TRUE,FALSE,0,6254.5,211,0,906,374.5
FALSE,TRUE,0,701.5,1314.5,0,354,94.5
FALSE,TRUE,277,3978,682,0,0,296
FALSE,TRUE,0,772,0,0,0,284
FALSE,TRUE,0,1594.5,0,391.5,0,51
FALSE,FALSE,0,0,0,0,10.5,46
FALSE,TRUE,0,98,45,0,15,588
TRUE,FALSE,0,14668.5,460.5,0,965.5,1235.5
TRUE,FALSE,0,5730,80.5,0,0,94.5
FALSE,TRUE,0,724.5,13.5,0,412,460
FALSE,FALSE,144,6984,694.5,63,0,8
FALSE,TRUE,0,240,142.5,0,0,85
FALSE,TRUE,0,1644.5,30,0,0,430.5
FALSE,FALSE,0,384.5,0,0,0,13.5
FALSE,FALSE,0,40,0,0,0,155
FALSE,FALSE,0,7867,742,0,99,24
FALSE,TRUE,0,3445,424.5,0,31.5,521.5
FALSE,FALSE,0,2966.5,0,108,0,28
FALSE,TRUE,0,12,58,0,40.5,440
TRUE,FALSE,0,14097,559.5,1414,1151,12
FALSE,TRUE,0,0,0,0,0,732
TRUE,FALSE,0,6660.5,91,0,542,94.5
FALSE,TRUE,0,542.5,87.5,0,0,241.5
FALSE,TRUE,0,0,0,0,0,1224
FALSE,TRUE,0,1102.5,0,0,28,455
TRUE,TRUE,0,956,194.5,0,0,448
FALSE,TRUE,0,1392.5,504,0,0,273
FALSE,TRUE,0,129.5,0,0,0,148
FALSE,TRUE,0,4418.5,404.5,0,0,70
FALSE,TRUE,0,729.5,190,0,101.5,130.5
FALSE,TRUE,36,276,153,0,0,192.5
FALSE,TRUE,0,8848,42,0,30,399
FALSE,TRUE,0,0,0,0,0,28
FALSE,TRUE,63,631.5,643.5,0,242.5,731.5
FALSE,FALSE,0,0,35,0,0,10.5
FALSE,TRUE,0,3145,0,0,0,252
FALSE,TRUE,121,3697,517,0,0,98
FALSE,TRUE,0,456,24,0,0,279
FALSE,FALSE,0,2226.5,229,0,0,24
FALSE,FALSE,0,346,0,0,0,52
FALSE,TRUE,0,0,0,0,0,66.5
FALSE,TRUE,0,2917.5,31.5,0,0,72
TRUE,TRUE,0,3467,361.5,0,288,343
FALSE,FALSE,0,0,27,0,0,28
FALSE,TRUE,0,456,0,0,0,294
FALSE,FALSE,24.5,558,10.5,0,0,178.5
FALSE,TRUE,0,2048.5,235,0,0,408
FALSE,TRUE,152.5,3331,427,0,0,572
FALSE,FALSE,0,0,0,0,0,24
FALSE,FALSE,0,12.5,28,0,0,17.5
FALSE,TRUE,0,3677,361.5,0,288,147
TRUE,TRUE,0,4194.5,447.5,0,119,1476
FALSE,TRUE,152.5,3409.5,427,0,0,493.5
FALSE,TRUE,0,10,0,0,0,1098
FALSE,TRUE,0,2073,18,0,0,352
FALSE,TRUE,206.5,3072,150.5,0,0,92
FALSE,FALSE,0,218.5,23.5,18,15,9
FALSE,FALSE,0,156.5,0,0,0,7.5
FALSE,FALSE,168,3358,179.5,0,0,18
FALSE,TRUE,0,0,0,0,0,528
FALSE,TRUE,105.5,3603,721,20,180,115
FALSE,TRUE,0,0,0,0,0,54
FALSE,TRUE,0,982.5,56,0,0,101.5
FALSE,TRUE,110,234,10.5,0,0,143.5
FALSE,TRUE,0,0,0,0,0,94.5
FALSE,TRUE,0,463.5,0,0,0,264
FALSE,FALSE,12.5,466,0,0,0,15
FALSE,TRUE,0,6654.5,601.5,56,0,612
FALSE,TRUE,0,2406,57,0,0,265.5
FALSE,FALSE,45.5,3900,705.5,0,216,10
FALSE,FALSE,0,17.5,28,0,0,12.5
FALSE,TRUE,48,4371,416,0,288,322
FALSE,TRUE,0,2608.5,261,0,32.5,63
FALSE,FALSE,0,945,0,0,0,7.5
FALSE,TRUE,0,20,0,0,0,171.5
FALSE,TRUE,0,271,14,0,0,120
FALSE,FALSE,24.5,705.5,10.5,0,0,45
FALSE,FALSE,0,191,56.5,0,0,63
FALSE,FALSE,32,1305,118.5,0,0,7.5
TRUE,FALSE,0,7306,211,0,861,344
FALSE,FALSE,49,811.5,55,0,0,54
FALSE,FALSE,0,5570,10.5,75,0,40
FALSE,TRUE,0,2240.5,119,0,0,220.5
FALSE,TRUE,0,1154,141.5,0,0,117
FALSE,TRUE,30,579,106,20,0,340
FALSE,FALSE,0,0,0,0,0,4
FALSE,FALSE,0,4183,99.5,0,0,17.5
FALSE,TRUE,0,0,0,0,0,264
FALSE,FALSE,0,0,0,0,0,48
FALSE,FALSE,0,0,0,0,0,92
FALSE,TRUE,35,1293.5,61,0,32.5,54
FALSE,TRUE,152.5,3768,427,0,0,135
FALSE,FALSE,28,564,123.5,0,0,13.5
FALSE,TRUE,0,4548.5,80.5,0,0,1276
FALSE,TRUE,0,3740,361.5,0,288,70
FALSE,FALSE,196,9899,2596.5,336,0,744
FALSE,TRUE,0,4553,504,0,0,283.5
FALSE,FALSE,13.5,528,287,0,0,27
FALSE,TRUE,0,638.5,0,0,0,116
FALSE,TRUE,0,1837.5,173.5,0,325.5,75
FALSE,TRUE,0,645,0,0,0,105
FALSE,FALSE,0,0,0,0,0,18
FALSE,TRUE,0,44,0,0,0,24
FALSE,TRUE,0,42,0,0,0,38.5
FALSE,FALSE,0,1138.5,91.5,472,0,10.5
FALSE,TRUE,0,0,0,0,0,24
FALSE,TRUE,0,4.5,429.5,0,50,539
FALSE,TRUE,0,235,7.5,0,0,62.5
FALSE,FALSE,0,0,0,0,0,20
FALSE,FALSE,0,0,0,0,0,14
TRUE,FALSE,144,4716.5,80,1243,807.5,955.5
FALSE,TRUE,52.5,2598.5,54,0,44,228
FALSE,TRUE,64,879.5,28,0,0,115.5
FALSE,TRUE,0,207,322,0,0,728
FALSE,TRUE,0,2036,38,0,0,211.5
FALSE,FALSE,0,6940.5,2057.5,72,1472.5,24.5
FALSE,FALSE,0,3595.5,235,0,31.5,35
FALSE,FALSE,0,40,0,0,0,9
FALSE,TRUE,0,129,0,0,0,35
FALSE,FALSE,0,0,0,0,0,42
FALSE,TRUE,0,9,0,0,0,40
FALSE,TRUE,0,0,69.5,0,0,445.5
FALSE,TRUE,0,707.5,47.5,0,0,276
FALSE,TRUE,0,4596,0,0,0,1197
FALSE,TRUE,0,114,0,0,0,16
TRUE,FALSE,0,14936,460.5,0,965.5,968
FALSE,TRUE,0,117.5,175.5,0,0,352
FALSE,TRUE,196,11982.5,2638,510,1298.5,2716
FALSE,TRUE,0,0,0,0,0,60
TRUE,FALSE,0,7359.5,211,0,861,290.5
FALSE,FALSE,258.5,486.5,189,0,0,7.5
FALSE,TRUE,0,820,20,0,0,80.5
TRUE,FALSE,0,13028.5,598,1894,550.5,1631
FALSE,TRUE,0,2337.5,476,0,0,364
FALSE,FALSE,0,218,0,77,0,7.5
FALSE,FALSE,0,2067,280.5,0,0,388
TRUE,FALSE,0,1717.5,266.5,0,0,423
FALSE,TRUE,0,380,0,0,0,1428
FALSE,TRUE,0,3586,361.5,0,288,224
FALSE,TRUE,170,2509,331.5,0,288,240
FALSE,TRUE,0,937.5,37.5,0,0,63
FALSE,TRUE,0,418,122,0,0,319.5
FALSE,TRUE,0,0,39,0,14,84
FALSE,TRUE,0,644,45,0,15,42
FALSE,TRUE,144,9519.5,765.5,63,0,63
FALSE,FALSE,0,0,14,0,0,12
FALSE,FALSE,0,13546,494.5,1894,322.5,21
FALSE,TRUE,0,17.5,0,0,0,145
FALSE,FALSE,0,875,122,27.5,0,14
FALSE,TRUE,0,239.5,36,0,0,144
FALSE,TRUE,0,121.5,0,0,0,52.5
FALSE,TRUE,0,574.5,18,24,0,54
FALSE,TRUE,0,0,101.5,0,0,99
FALSE,TRUE,0,99,0,0,0,76.5
FALSE,TRUE,0,0,0,0,0,454.5
FALSE,FALSE,258.5,1554,136,0,0,8
FALSE,FALSE,168,2221,147,0,0,17.5
FALSE,TRUE,0,3891.5,479.5,0,0,728
FALSE,TRUE,0,0,0,0,0,92
FALSE,FALSE,64,1025,28,0,0,45
FALSE,FALSE,0,192.5,175,0,0,32.5
FALSE,TRUE,0,1705.5,476,0,0,111
TRUE,FALSE,0,1879,280.5,0,0,45
FALSE,FALSE,0,2453.5,119,0,0,7.5
FALSE,FALSE,0,1131.5,0,0,0,224
FALSE,TRUE,0,1002,125.5,0,0,130
FALSE,TRUE,0,1672,775,0,0,40
FALSE,FALSE,0,5511,10.5,75,0,21
TRUE,FALSE,0,7478,25,752,25,44
FALSE,TRUE,0,871,112,0,31.5,264
FALSE,TRUE,0,393,0,0,0,40
FALSE,TRUE,7.5,78.5,34.5,0,0,202.5
FALSE,TRUE,0,777.5,0,760,0,182
FALSE,TRUE,0,1264,202,0,0,140
FALSE,FALSE,0,158.5,15,0,0,28
FALSE,TRUE,0,4108.5,404.5,0,0,952
FALSE,TRUE,0,103,40.5,0,0,40
FALSE,TRUE,0,1928,30,0,0,147
FALSE,TRUE,0,2921.5,102.5,0,0,80
FALSE,FALSE,0,134.5,0,0,0,10.5
FALSE,TRUE,0,300,0,0,0,7.5
FALSE,TRUE,0,814.5,138,0,31.5,30
FALSE,FALSE,0,200.5,0,94.5,0,25
TRUE,FALSE,0,70.5,0,0,0,68
FALSE,TRUE,42,90.5,0,0,0,288
TRUE,FALSE,0,1447.5,280.5,0,0,584.5
FALSE,TRUE,0,119,0,0,0,94.5
FALSE,FALSE,0,1373,25,0,0,15
TRUE,FALSE,0,15519,460.5,0,965.5,385
FALSE,FALSE,0,0,52.5,0,0,94.5
FALSE,TRUE,0,1649,0,0,0,1748
FALSE,TRUE,0,1000,56,0,0,84
TRUE,TRUE,0,15298.5,460.5,0,965.5,605.5
FALSE,TRUE,32,714,84,0,0,231
FALSE,TRUE,0,209,0,0,20,30
FALSE,TRUE,0,3304.5,0,0,0,92.5
FALSE,FALSE,144,3889,80,476,681.5,81
FALSE,FALSE,0,32.5,48,0,0,37.5
FALSE,TRUE,0,2118.5,229,0,0,132
FALSE,TRUE,0,544.5,51,0,0,364
FALSE,TRUE,0,1020,33.5,0,412,206.5
TRUE,TRUE,0,1154.5,240,0,0,171.5
TRUE,FALSE,0,2752,20,0,288.5,24
FALSE,FALSE,0,17.5,44,0,0,32.5
FALSE,FALSE,0,661,101,0,0,10
FALSE,FALSE,0,7501,25,752,25,21
FALSE,TRUE,0,4371.5,179.5,0,0,152.5
TRUE,FALSE,0,6226.5,555,0,0,2965.5
FALSE,TRUE,44,317,92.5,0,10.5,15
FALSE,TRUE,0,328,0,0,0,18
FALSE,TRUE,0,0,0,0,0,18
FALSE,FALSE,0,9749.5,742,0,99,24
FALSE,TRUE,0,852,0,0,0,32
FALSE,TRUE,0,3467.5,248,0,288,87.5
FALSE,TRUE,0,297,122,27.5,0,592
TRUE,FALSE,0,19998.5,1746,0,1420.5,770
FALSE,TRUE,0,3882.5,416,0,288,255
FALSE,TRUE,125,3087.5,525,0,0,153
FALSE,TRUE,45.5,3808,705.5,0,216,102
FALSE,TRUE,197,2661,941,0,0,385
FALSE,TRUE,0,958,56,0,0,126
FALSE,TRUE,159,2251,342,0,76,33
FALSE,TRUE,9,1167.5,547,0,0,95
FALSE,TRUE,0,231,91,0,0,31.5
FALSE,TRUE,0,1134.5,85,0,0,87.5
TRUE,TRUE,0,154.5,0,1127,0,3696
FALSE,TRUE,0,3067.5,311,0,0,140
FALSE,TRUE,0,3914,3,0,0,160
FALSE,TRUE,0,101.5,27,0,0,13.5
FALSE,TRUE,0,108,16,0,0,234.5
TRUE,TRUE,0,6389,0,0,22.5,612
FALSE,TRUE,123,2820,52,0,40.5,342
FALSE,TRUE,0,4553.5,450.5,0,0,1011.5
FALSE,TRUE,0,1386.5,0,0,0,104
FALSE,TRUE,210.5,7182,2514,63,0,3000
FALSE,TRUE,0,657,0,0,0,93
FALSE,TRUE,196,14527.5,2638,510,1298.5,171
FALSE,TRUE,0,0,0,0,0,42
FALSE,TRUE,0,0,0,0,0,88
FALSE,FALSE,0,1346,173.5,0,325.5,10.5
FALSE,TRUE,0,414.5,0,0,0,91
FALSE,TRUE,0,586,16,0,0,140
FALSE,FALSE,0,2530,78,20,234.5,15
TRUE,FALSE,0,1815,280.5,0,0,217
FALSE,FALSE,0,162,0,0,0,21
FALSE,TRUE,258.5,558,136,54,0,738
FALSE,TRUE,0,0,0,0,0,81
FALSE,FALSE,0,233.5,0,0,0,24.5
FALSE,TRUE,0,251,4.5,28,0,42
FALSE,FALSE,0,2491.5,258,0,0,31.5
FALSE,TRUE,0,112,62.5,0,0,111
FALSE,TRUE,168,1842.5,147,0,0,396
FALSE,TRUE,19,40,34.5,0,0,63
FALSE,FALSE,0,2201.5,229,0,0,49
FALSE,FALSE,0,1154,0,0,0,35
FALSE,TRUE,0,0,0,0,0,126
FALSE,TRUE,0,70,0,0,0,60
FALSE,FALSE,12.5,449,0,0,0,32
FALSE,FALSE,0,0,0,0,0,17.5
FALSE,TRUE,0,2499.5,261,0,32.5,172
FALSE,FALSE,0,1380.5,84,0,0,17.5
FALSE,FALSE,0,736,163.5,0,0,21
FALSE,TRUE,0,963,99,0,0,56
FALSE,TRUE,0,28,47.5,0,444,81
FALSE,TRUE,0,3921,432,0,75,294
TRUE,FALSE,0,8783,2343,0,1054.5,140
FALSE,TRUE,0,2373,106,0,234.5,172
FALSE,TRUE,0,0,0,0,0,164
FALSE,FALSE,0,1187,85,0,0,14
FALSE,TRUE,42,333,0,0,0,24.5
FALSE,TRUE,0,117,198,0,0,1552
FALSE,TRUE,0,1191,42,0,0,63
FALSE,FALSE,0,1134.5,0,0,0,130
FALSE,TRUE,0,1953,81,0,0,340
FALSE,FALSE,0,525.5,0,0,0,30
FALSE,FALSE,0,4243,7.5,0,0,46
TRUE,FALSE,0,1482.5,47,480,25,105
FALSE,TRUE,105.5,3389,721,20,180,329
FALSE,TRUE,0,1996,1394,8,0,576
FALSE,FALSE,0,480,0,0,0,12
FALSE,TRUE,0,403,175.5,0,0,66.5
FALSE,TRUE,0,2124.5,38,0,0,123
FALSE,TRUE,0,134,192,0,0,371
FALSE,TRUE,0,1077.5,131.5,77,0,217
FALSE,TRUE,122.5,1644.5,249,0,0,21
FALSE,FALSE,110,370,10.5,0,0,7.5
FALSE,TRUE,0,5317,80.5,0,0,507.5
FALSE,FALSE,18,173.5,18,0,0,8
FALSE,TRUE,0,2700.5,629.5,0,0,171
FALSE,FALSE,258.5,1884,160.5,0,0,33
FALSE,TRUE,0,2655.5,348,0,107,2856
FALSE,TRUE,0,2020,81,0,18,164.5
FALSE,TRUE,0,1304,450,0,0,648
FALSE,TRUE,0,1001.5,38,0,0,497
FALSE,TRUE,0,357,292,0,0,93
FALSE,TRUE,0,691,255,0,0,66
FALSE,TRUE,66.5,3728,772.5,0,0,672
FALSE,FALSE,0,1339.5,0,0,0,16
FALSE,FALSE,0,462,0,0,24.5,409.5
FALSE,TRUE,0,256,81,0,0,161
FALSE,TRUE,0,877.5,256,0,0,580
FALSE,TRUE,0,1216,0,0,0,204
FALSE,FALSE,0,0,0,0,0,18
FALSE,TRUE,0,57,13.5,0,0,107.5
FALSE,FALSE,0,101,0,0,0,56
FALSE,FALSE,0,0,0,0,0,24.5
FALSE,TRUE,0,667,163.5,0,0,90
FALSE,TRUE,0,3676,262.5,0,31.5,290.5
FALSE,FALSE,144,3859,87,548,623,15
FALSE,FALSE,0,25.5,0,0,0,4.5
FALSE,TRUE,0,2991,54.5,25,0,77
FALSE,TRUE,0,45,0,0,0,124
FALSE,FALSE,0,138,0,0,0,12
FALSE,TRUE,52.5,2829.5,54,0,44,48
FALSE,FALSE,0,2868,152,0,0,27.5
FALSE,TRUE,0,1069,54,0,0,177
FALSE,TRUE,0,6533,346.5,0,0,88
FALSE,FALSE,0,745,15,192.5,0,36
FALSE,FALSE,0,0,256,0,0,12
TRUE,FALSE,0,254,0,0,0,31.5
FALSE,TRUE,66.5,7635.5,2271,0,0,68
FALSE,TRUE,0,2437.5,252.5,0,153,67.5
TRUE,FALSE,32,1228.5,118.5,0,0,108.5
FALSE,TRUE,32,781.5,42,0,0,265.5
FALSE,FALSE,122.5,1766.5,249,0,0,20
FALSE,TRUE,14,3383.5,630,0,288,1211
FALSE,TRUE,32,858,42,0,0,189
FALSE,TRUE,144,209.5,0,0,0,40
FALSE,TRUE,0,1644.5,67.5,0,0,1029
FALSE,TRUE,0,408.5,0,0,0,24.5
FALSE,TRUE,52.5,1001.5,111,0,44,28
FALSE,TRUE,0,122.5,23.5,0,15,105
FALSE,TRUE,0,184.5,0,0,0,60
FALSE,FALSE,0,0,0,0,0,17.5
FALSE,FALSE,0,1492.5,38,0,0,6
FALSE,TRUE,123,2334,52,0,40.5,270
FALSE,TRUE,35,2229.5,286,0,32.5,76.5
FALSE,FALSE,0,601.5,18,24,0,27
FALSE,TRUE,231.5,3484.5,166.5,0,0,174
FALSE,FALSE,0,2916,152,0,0,16
FALSE,TRUE,0,4993,432,0,30,1588
FALSE,FALSE,0,8142,211,0,861,18
TRUE,TRUE,0,0,0,0,0,135
FALSE,TRUE,0,712.5,31.5,0,0,52.5
TRUE,FALSE,0,1820,20,0,216.5,956
FALSE,TRUE,0,2507,57,0,0,164.5
FALSE,FALSE,15,991.5,28,0,0,24.5
FALSE,TRUE,0,389,192,0,0,116
FALSE,TRUE,0,603,0,0,0,147
TRUE,FALSE,0,144,92,0,0,2713.5
FALSE,FALSE,197,4405.5,1076.5,0,0,12
FALSE,TRUE,0,237,18,24,0,391.5
FALSE,TRUE,0,1092.5,235,0,0,128
FALSE,TRUE,0,1000,775,0,0,712
FALSE,TRUE,0,6269,266.5,0,13.5,378
FALSE,FALSE,0,14079,559.5,1414,1151,30
FALSE,TRUE,0,301.5,35,0,0,57
FALSE,FALSE,0,208.5,35,0,0,15
FALSE,TRUE,292,395,169,0,0,35
FALSE,TRUE,0,106.5,0,0,0,36
FALSE,TRUE,32,911.5,15,0,0,150.5
FALSE,TRUE,0,322.5,49,0,0,84
FALSE,FALSE,0,628.5,81,0,0,9
FALSE,FALSE,0,0,0,0,0,32
FALSE,FALSE,0,0,16,84,0,7.5
FALSE,FALSE,0,68,0,0,0,12.5
FALSE,FALSE,0,515,20,0,0,17.5
FALSE,FALSE,0,1456,38,0,0,42.5
FALSE,FALSE,0,4088,7.5,0,0,30
FALSE,TRUE,0,1066.5,0,0,0,46
FALSE,FALSE,0,212.5,285,0,0,124
FALSE,FALSE,0,106,31.5,0,0,10.5
FALSE,FALSE,0,2285,81,0,0,8
FALSE,FALSE,0,3046,54.5,25,0,16
FALSE,FALSE,0,355,30,0,0,18
FALSE,FALSE,32,996,15,0,0,66
FALSE,TRUE,0,2433,252.5,0,153,72
FALSE,FALSE,9,842,547,52.5,0,27
FALSE,FALSE,0,116,0,0,0,9
FALSE,FALSE,0,678.5,88,0,0,10
FALSE,FALSE,22.5,119.5,0,0,0,10.5
FALSE,FALSE,0,24.5,0,0,0,24
FALSE,TRUE,0,209.5,23.5,0,15,18
FALSE,FALSE,0,423.5,378,0,0,64
FALSE,FALSE,0,667,169,0,0,6
FALSE,TRUE,0,662,16,0,0,64
FALSE,FALSE,36,611,298.5,0,60,12
FALSE,FALSE,32,1011.5,42,0,0,18
FALSE,FALSE,0,0,180,0,0,15
FALSE,FALSE,0,0,0,0,0,22.5
FALSE,FALSE,0,180,0,0,0,15
FALSE,FALSE,0,30,12,0,0,51
FALSE,FALSE,0,0,0,0,0,25
FALSE,FALSE,22.5,107.5,0,0,0,30
FALSE,FALSE,0,0,0,18,0,24.5
FALSE,FALSE,0,0,0,0,0,21
FALSE,FALSE,196,2439.5,219.5,472,0,9
FALSE,FALSE,0,332.5,114,50,0,10
FALSE,FALSE,0,129.5,20,0,0,32
FALSE,TRUE,0,1386.5,38,0,0,112
FALSE,FALSE,144,0,180,0,164,8
FALSE,FALSE,0,44,0,0,0,52.5
FALSE,FALSE,0,30,0,0,0,7.5
FALSE,TRUE,0,3421,681,0,0,213.5
FALSE,FALSE,0,3732,7.5,0,0,28
FALSE,FALSE,0,210,0,0,0,20
FALSE,FALSE,42,646,7.5,0,0,15
FALSE,FALSE,0,394.5,81,0,0,22.5
FALSE,FALSE,67,12,25,0,0,31.5
FALSE,TRUE,0,315,0,0,0,40
FALSE,FALSE,0,78,0,0,0,22.5
FALSE,FALSE,0,816.5,138,0,31.5,28
TRUE,TRUE,0,77.5,7.5,0,0,220
FALSE,FALSE,0,0,0,0,0,7.5
FALSE,FALSE,0,0,0,0,0,7.5
FALSE,FALSE,0,1345,0,0,0,10.5
FALSE,TRUE,0,36,0,0,0,177
FALSE,TRUE,0,0,0,0,0,73.5
FALSE,FALSE,0,56,0,10,0,32
FALSE,FALSE,0,839.5,135,0,0,6
FALSE,FALSE,13.5,541,287,0,0,14
FALSE,FALSE,13.5,3247,60,0,211.5,28
FALSE,FALSE,0,514,16,0,0,12
FALSE,TRUE,13.5,2187.5,60,0,211.5,1208
FALSE,FALSE,0,12647,494.5,1894,550.5,44
FALSE,TRUE,0,432.5,0,0,0,9
FALSE,TRUE,0,1389.5,207.5,0,0,276
FALSE,TRUE,0,0,0,166.5,0,78
FALSE,FALSE,0,131.5,0,0,0,48
FALSE,TRUE,0,9468.5,742,0,99,98
FALSE,FALSE,0,201,7.5,0,0,49.5
FALSE,FALSE,0,0,0,0,0,7.5
FALSE,FALSE,0,0,0,0,0,72
FALSE,TRUE,0,5374.5,42,0,0,1172.5
FALSE,TRUE,0,300,0,0,0,42
FALSE,TRUE,0,3549.5,99.5,0,0,24.5
FALSE,FALSE,0,52.5,0,0,0,28
FALSE,TRUE,0,2640,57,0,0,31.5
FALSE,TRUE,0,10868.5,2222,0,0,591.5
FALSE,TRUE,0,0,0,0,0,85.5
FALSE,FALSE,0,11609,1933,174,1298.5,786
FALSE,FALSE,0,0,0,0,0,7.5
FALSE,FALSE,0,1957.5,342,0,0,679
TRUE,FALSE,0,9158.5,75,752,396,126
FALSE,FALSE,0,451.5,35,0,0,49
TRUE,FALSE,0,6428,481,1372,138,96
FALSE,TRUE,0,0,12,0,0,80.5
FALSE,FALSE,196,11382.5,2658,336,1298.5,1928
FALSE,FALSE,0,3576.5,270,0,0,1420
FALSE,TRUE,0,0,0,0,0,87.5
FALSE,TRUE,168,3341.5,150.5,0,0,392
FALSE,TRUE,0,816.5,50,0,0,84
FALSE,FALSE,0,621.5,0,0,0,10.5
FALSE,FALSE,0,1437.5,0,0,0,50
FALSE,TRUE,45.5,3827.5,705.5,0,216,82.5
FALSE,FALSE,196,13226.5,2712,336,1298.5,84
FALSE,FALSE,0,0,0,0,0,18
FALSE,TRUE,0,4443.5,404.5,0,0,45
FALSE,TRUE,0,1339,20,0,0,476
TRUE,FALSE,0,18529,585,0,940.5,232
FALSE,TRUE,0,3230.5,0,0,0,166.5
FALSE,FALSE,0,76,0,0,0,36
FALSE,TRUE,170,3583,543.5,0,288,37.5
FALSE,TRUE,0,957,202.5,0,0,369
FALSE,TRUE,0,38.5,0,0,0,30
FALSE,TRUE,0,1360,0,0,0,77
FALSE,TRUE,0,244.5,114,50,0,98
FALSE,TRUE,0,1003.5,33.5,0,412,208
FALSE,FALSE,15,157.5,0,0,0,28
FALSE,TRUE,0,186.5,45,0,0,1561.5
FALSE,FALSE,0,1431,0,0,0,20
FALSE,TRUE,0,85.5,0,0,0,108
FALSE,TRUE,15,155.5,0,0,0,30
FALSE,TRUE,0,1484,607,0,0,36
FALSE,TRUE,0,1238,0,0,0,378
FALSE,FALSE,152,1331.5,61,0,32.5,16
FALSE,FALSE,0,1318,0,0,0,12
FALSE,TRUE,0,569.5,25,141,0,19.5
TRUE,FALSE,36,524,186,0,60,67.5
FALSE,TRUE,0,3228,248,0,288,327
TRUE,FALSE,0,1928,20,0,288.5,848
FALSE,TRUE,0,1113,140,0,13.5,18
FALSE,TRUE,0,204,0,0,0,1216
FALSE,TRUE,0,0,25.5,0,0,87.5
FALSE,FALSE,0,0,0,0,0,18
FALSE,TRUE,0,1092,194.5,0,0,312
FALSE,FALSE,0,6506,481,1372,138,18
FALSE,FALSE,196,13289.5,2712,336,1298.5,21
FALSE,FALSE,0,0,0,0,0,15
FALSE,FALSE,0,1500,607,0,0,20
TRUE,FALSE,0,12408.5,568.5,30,961.5,1287
FALSE,TRUE,0,2586,9,0,0,85.5
FALSE,FALSE,0,68,0,0,192,15
FALSE,TRUE,0,10,32,0,0,184
FALSE,FALSE,0,613.5,81,0,0,24
FALSE,TRUE,0,113.5,0,0,0,25
FALSE,FALSE,0,662.5,202.5,0,0,84
FALSE,TRUE,0,7.5,0,0,0,94.5
FALSE,FALSE,144,3921,87,476,623,77
FALSE,FALSE,0,6853,740,0,162.5,1264
FALSE,TRUE,0,293.5,0,0,0,148
FALSE,TRUE,0,4188,575.5,0,99,454.5
FALSE,TRUE,0,27,0,0,0,115.5
TRUE,TRUE,0,702,18,0,0,70
FALSE,TRUE,0,1039,0,0,0,150
FALSE,FALSE,0,189.5,18,0,0,10
FALSE,TRUE,0,5785,191,0,906,511
FALSE,TRUE,0,52.5,0,0,0,121.5
FALSE,TRUE,0,6483,208,0,13.5,448
FALSE,TRUE,0,3676,262.5,0,31.5,290.5
FALSE,TRUE,0,0,0,0,0,32
FALSE,TRUE,0,410.5,18,0,0,49
FALSE,TRUE,0,2638.5,38.5,25,0,423.5
FALSE,FALSE,0,0,34.5,96,0,15
FALSE,FALSE,0,822,314,0,0,14
TRUE,FALSE,0,7551,2316,0,1054.5,1372
FALSE,TRUE,0,135,18,0,0,488
FALSE,TRUE,0,0,0,0,0,133
FALSE,TRUE,0,688,56,0,0,84
FALSE,TRUE,45.5,3315,705.5,0,216,595
TRUE,FALSE,0,1849,153,0,594,479.5
FALSE,TRUE,0,6035,191,0,906,261
FALSE,TRUE,0,1022.5,221.5,89,0,27
FALSE,TRUE,0,4604.5,484.5,0,0,522.5
FALSE,TRUE,122.5,442.5,147,0,0,196
FALSE,TRUE,0,441,0,0,0,612
FALSE,TRUE,24.5,1753.5,378,0,0,24.5
FALSE,FALSE,0,619.5,0,0,0,12.5
FALSE,FALSE,66.5,3546,791.5,20,180,9
FALSE,FALSE,0,2208.5,229,0,0,42
FALSE,TRUE,0,1001,0,560,0,201
FALSE,TRUE,0,1466,0,0,0,24.5
FALSE,TRUE,0,0,0,0,0,15
FALSE,TRUE,0,1000,56,0,0,84
FALSE,FALSE,0,302.5,72,0,0,52.5
FALSE,TRUE,0,184.5,138,0,31.5,660
FALSE,TRUE,170,1294,331.5,0,288,244
FALSE,TRUE,196,13502.5,2638,510,1298.5,1196
FALSE,FALSE,0,921,0,0,0,31.5
TRUE,FALSE,0,4928,2132,0,1054.5,1088
FALSE,FALSE,0,4113,102.5,0,0,52.5
FALSE,TRUE,0,6421,432,0,30,160
FALSE,FALSE,0,139.5,0,0,0,54
FALSE,TRUE,0,5699,707,0,99,2192
FALSE,TRUE,231.5,3181,239.5,0,0,164.5
FALSE,TRUE,0,600.5,47.5,0,0,368
FALSE,TRUE,0,158.5,0,0,0,8
FALSE,TRUE,0,1682,766.5,0,508.5,30
FALSE,TRUE,0,0,0,0,0,18
FALSE,TRUE,66.5,4228,776,0,0,238
FALSE,TRUE,102,2180.5,439.5,0,180,252
FALSE,FALSE,0,0,0,0,0,45.5
FALSE,FALSE,196,11376,2712,336,1298.5,605.5
FALSE,FALSE,0,670,27,0,45.5,20
TRUE,FALSE,0,13344,598,1618,381,177
FALSE,TRUE,64,726,28,0,0,344
FALSE,FALSE,0,8091,211,0,906,69
FALSE,TRUE,0,1707,258,0,0,816
FALSE,TRUE,0,4405,270,0,0,591.5
FALSE,TRUE,122.5,1081.5,249,0,0,388
FALSE,TRUE,0,2190.5,229,0,0,60
FALSE,FALSE,0,190,152,0,0,12
FALSE,TRUE,0,3541.5,479.5,0,0,1078
TRUE,FALSE,0,471.5,20,0,137,315
FALSE,TRUE,0,2295,252.5,0,153,210
FALSE,TRUE,0,1401.5,58.5,0,0,138
FALSE,FALSE,0,390,292,36,0,36
FALSE,TRUE,0,0,27,0,0,78
FALSE,FALSE,0,3219,7.5,0,0,28
FALSE,TRUE,15,719,28,0,0,297
FALSE,TRUE,13.5,3222.5,60,0,211.5,52.5
FALSE,TRUE,0,0,0,0,0,208
FALSE,TRUE,0,316,35,0,0,42.5
FALSE,TRUE,0,177.5,54,0,0,91
FALSE,TRUE,0,205.5,0,0,0,38.5
FALSE,FALSE,123,3242.5,82,0,0,21
FALSE,FALSE,0,6853,211,0,906,132
FALSE,TRUE,0,12,0,0,0,21
TRUE,FALSE,0,8986.5,434,0,119,72
FALSE,TRUE,123,2068.5,52,0,40.5,1076
FALSE,TRUE,0,690,38,0,0,808.5
FALSE,TRUE,0,1704,45,0,0,44
FALSE,TRUE,0,1191,57,0,0,1480.5
FALSE,TRUE,42,367.5,104,0,0,232
FALSE,TRUE,0,297,0,0,0,49
FALSE,TRUE,0,12,0,0,0,66
FALSE,TRUE,0,2318,114.5,0,0,332.5
FALSE,TRUE,0,5202,220.5,0,0,69
FALSE,FALSE,144,9761,102,752,648,4.5
TRUE,TRUE,144,3650,87,548,623,224
FALSE,FALSE,0,0,0,0,0,20
FALSE,FALSE,0,12163,608,1414,1151,2712
FALSE,TRUE,0,995.5,0,0,0,96
FALSE,TRUE,0,110.5,18,0,0,661.5
FALSE,TRUE,0,260,16,0,0,225
FALSE,TRUE,0,1405.5,343,0,0,468
FALSE,TRUE,0,0,80,0,27,1080
FALSE,FALSE,0,435,0,0,0,40
FALSE,TRUE,13.5,2858,60,0,211.5,417
FALSE,TRUE,0,187.5,18,0,0,12
FALSE,TRUE,0,7973,18,0,0,1274
TRUE,FALSE,0,711.5,59.5,0,0,98
FALSE,FALSE,0,5623.5,115.5,1848,253,514.5
FALSE,TRUE,0,31.5,0,0,0,39
FALSE,FALSE,0,1316,75,0,0,25
FALSE,TRUE,196,6830.5,1227.5,472,0,87
FALSE,FALSE,0,1251,0,0,0,200
FALSE,FALSE,0,1788,69,0,0,27
FALSE,TRUE,0,3690.5,424.5,0,31.5,276
TRUE,TRUE,0,6128.5,458,0,0,2480
FALSE,TRUE,0,2351,129.5,0,0,16.5
FALSE,TRUE,12.5,355,0,0,0,126
FALSE,TRUE,0,32,0,0,0,804
FALSE,TRUE,0,10.5,80.5,0,0,58
FALSE,FALSE,0,0,0,0,0,42
FALSE,TRUE,0,0,0,0,0,132
FALSE,TRUE,0,703.5,221.5,89,0,154
FALSE,FALSE,0,65,0,0,0,10.5
FALSE,TRUE,0,0,0,0,1039.5,59.5
FALSE,FALSE,0,1549,0,0,0,207
FALSE,FALSE,0,613,740,0,1504,14
FALSE,FALSE,0,15677,290.5,476,1336.5,63
FALSE,FALSE,0,616.5,740,0,1504,10.5
FALSE,TRUE,35,2727.5,286,0,32.5,408
FALSE,FALSE,0,46.5,10.5,0,0,40.5
FALSE,TRUE,0,5481,247.5,0,0,184
FALSE,TRUE,0,4675.5,270,0,0,321
FALSE,TRUE,196,14355.5,2638,510,1298.5,343
FALSE,FALSE,0,242,128,0,0,13.5
FALSE,TRUE,0,0,0,0,0,101.5
FALSE,FALSE,0,3217,7.5,0,0,30
FALSE,TRUE,0,3264,3,0,0,810
FALSE,TRUE,0,1214,544,0,0,68
FALSE,TRUE,0,3915.5,618,0,0,150
TRUE,FALSE,0,0,0,0,0,80
FALSE,TRUE,0,7063,716,0,99,828
FALSE,FALSE,0,0,0,0,0,117
FALSE,TRUE,0,72.5,186.5,0,0,147
FALSE,TRUE,0,196,0,0,0,164.5
FALSE,TRUE,0,2977,54.5,25,0,91
FALSE,FALSE,52.5,786.5,111,0,0,15
FALSE,TRUE,0,177,0,0,0,36
FALSE,FALSE,0,5098,141,0,891,850.5
FALSE,FALSE,0,87.5,0,0,0,4.5
FALSE,TRUE,152.5,3392,427,0,0,511
FALSE,FALSE,144,3848,87,476,623,150
FALSE,TRUE,0,0,0,0,0,868.5
FALSE,FALSE,0,0,0,0,0,6
TRUE,FALSE,0,7925.5,211,0,861,234.5
FALSE,TRUE,277,3805,941,0,0,469
FALSE,FALSE,0,57,14,0,0,21
FALSE,TRUE,0,792.5,229,0,0,1458
FALSE,TRUE,0,1546.5,0,391.5,0,99
FALSE,TRUE,0,1173,607,0,0,168
FALSE,TRUE,197,4171.5,1076.5,0,0,93
FALSE,TRUE,0,5986,432,0,30,595
TRUE,FALSE,0,13227.5,494.5,1894,322.5,339.5
TRUE,TRUE,0,6709,432,0,30,52
FALSE,FALSE,0,4776,121,0,720,510
FALSE,TRUE,0,716,135,0,0,129.5
FALSE,TRUE,0,328,56,0,0,171.5
FALSE,TRUE,0,118,0,0,0,96
FALSE,FALSE,0,124,0,0,0,45
TRUE,FALSE,0,3153,111,94,235.5,1323
FALSE,FALSE,0,257.5,57,0,0,8
FALSE,TRUE,0,233.5,7.5,0,0,220.5
FALSE,TRUE,201,3593.5,717,0,0,270
FALSE,TRUE,0,981,0,0,0,456
FALSE,TRUE,32,981,108,0,0,212
FALSE,FALSE,0,501,287,0,0,31.5
FALSE,TRUE,42,246,104,0,0,353.5
TRUE,FALSE,144,3797,87,476,623,201
FALSE,TRUE,0,243,18,0,0,287
FALSE,TRUE,277,3759.5,900,0,0,75
FALSE,TRUE,0,479,0,0,0,153
FALSE,TRUE,0,613.5,80,0,0,166.5
FALSE,TRUE,0,2037,81,0,0,256
FALSE,FALSE,0,766.5,20,0,137,20
FALSE,FALSE,0,1185,119,0,0,30
TRUE,FALSE,0,6723,91,0,542,32
FALSE,TRUE,159,2606.5,789.5,0,76,87
FALSE,TRUE,0,1081,72.5,89,0,283.5
FALSE,TRUE,0,4155,0,0,0,945
FALSE,FALSE,0,9,0,0,0,20
FALSE,TRUE,62,4683,630,0,288,332.5
FALSE,FALSE,0,24,0,0,0,3
FALSE,TRUE,0,1892,40,0,0,661.5
FALSE,TRUE,0,0,0,0,0,1453.5
FALSE,TRUE,0,2098.5,30,0,44,700
FALSE,TRUE,0,69.5,0,0,0,280
FALSE,TRUE,0,3322,0,0,0,75
FALSE,TRUE,144,127,0,0,0,122.5
FALSE,TRUE,0,472.5,18,24,0,156
FALSE,FALSE,0,18,97.5,0,0,17.5
FALSE,TRUE,0,2811.5,311,0,0,396
FALSE,TRUE,0,91.5,0,20,0,243
FALSE,FALSE,0,1306,232.5,0,0,20
TRUE,FALSE,0,5914.5,2132,0,1054.5,101.5
FALSE,TRUE,0,1753.5,114.5,0,0,240
FALSE,FALSE,0,4444,111,94,235.5,32
FALSE,TRUE,0,441.5,81,0,0,196
FALSE,TRUE,0,281,255,0,0,476
FALSE,FALSE,0,196,23.5,18,15,31.5
FALSE,TRUE,0,70,10.5,0,0,80
FALSE,TRUE,0,5093,2132,0,114,153
FALSE,TRUE,0,0,15,0,0,224
FALSE,TRUE,0,52.5,0,0,0,92
FALSE,FALSE,0,2439,42,0,0,1164
FALSE,TRUE,0,3558,361.5,0,288,252
FALSE,TRUE,0,6430,42,0,0,117
FALSE,TRUE,0,1442,335.5,0,0,2228
FALSE,FALSE,0,363.5,44,0,0,17.5
FALSE,FALSE,0,240,7.5,0,0,28
FALSE,TRUE,66.5,3973,679,0,0,287
TRUE,FALSE,0,6594,211,0,906,35
FALSE,FALSE,0,4185,432,0,75,30
FALSE,TRUE,9,679,547,0,0,264
FALSE,TRUE,0,1212,275,0,0,252
FALSE,TRUE,0,9152.5,752,0,63,104
FALSE,TRUE,0,2123,25,0,0,94.5
TRUE,FALSE,0,7364.5,25,276,25,157.5
FALSE,TRUE,0,439,135,0,0,164
FALSE,TRUE,66.5,7031.5,2271,0,0,672
FALSE,FALSE,0,14252,608,1414,1151,623
FALSE,FALSE,0,8142,211,0,861,18
FALSE,TRUE,0,355,63,0,0,84
TRUE,FALSE,0,14378,608,1414,1151,497
FALSE,TRUE,164,401,108,0,0,360.5
FALSE,TRUE,0,224.5,0,0,0,47.5
FALSE,FALSE,0,1154,85,0,0,68
FALSE,FALSE,0,381.5,72,0,500,122.5
FALSE,FALSE,0,901,51,0,0,7.5
FALSE,FALSE,0,1861,25,0,0,35
FALSE,FALSE,0,1732,0,0,0,24
FALSE,TRUE,0,0,0,0,0,116
FALSE,FALSE,0,0,0,0,0,16
FALSE,FALSE,0,3543.5,681,0,0,91
FALSE,TRUE,0,3541.5,601,0,0,93
FALSE,TRUE,0,12.5,0,0,0,68
FALSE,TRUE,0,1375,58.5,0,0,91
FALSE,FALSE,0,0,0,0,0,16
FALSE,TRUE,0,125,108,0,0,45.5
FALSE,FALSE,144,6986,694.5,63,0,6
FALSE,FALSE,0,328.5,36,0,0,15
FALSE,TRUE,0,4556.5,160.5,0,0,424
FALSE,TRUE,144,11380.5,1082.5,119,0,857.5
FALSE,TRUE,0,5781,432,0,30,800
FALSE,FALSE,0,3567.5,7.5,0,0,21
FALSE,TRUE,0,1689,204,0,20,66
TRUE,FALSE,0,278,16,0,0,248
FALSE,TRUE,0,3067.5,681,0,0,567
FALSE,TRUE,0,77.5,20,0,0,84
FALSE,FALSE,0,1799,0,0,0,21
FALSE,TRUE,0,462,16,0,0,32.5
FALSE,FALSE,0,13421,571,1414,1320.5,45
TRUE,FALSE,0,3726,361.5,0,288,98
TRUE,FALSE,0,10287.5,379,923,196.5,408
FALSE,FALSE,0,656.5,0,0,0,31.5
FALSE,TRUE,0,49.5,0,64,0,38.5
FALSE,TRUE,0,5371.5,348,0,107,140
FALSE,TRUE,159,1493,342,0,76,791
FALSE,FALSE,0,166,44,0,0,22.5
FALSE,FALSE,0,18,0,0,0,18
FALSE,FALSE,0,0,0,0,0,6
FALSE,TRUE,0,729.5,56,0,0,42.5
FALSE,FALSE,0,3142.5,484.5,0,0,12
FALSE,TRUE,0,60,15,0,0,184.5
FALSE,FALSE,0,28,0,0,0,13.5
FALSE,TRUE,0,1682,69,0,0,133
FALSE,TRUE,0,14055.5,61,0,965.5,52
FALSE,FALSE,0,333,0,0,0,21
FALSE,TRUE,0,3540,626,0,0,94.5
FALSE,TRUE,105.5,2665.5,244,20,180,572
TRUE,FALSE,0,647,20,0,137,139.5
FALSE,FALSE,122.5,1625,249,0,0,51
FALSE,FALSE,0,700,1314.5,0,354,96
FALSE,FALSE,9,972,547,52.5,0,346.5
TRUE,FALSE,0,357,163.5,0,0,400
FALSE,TRUE,0,4324.5,404.5,0,0,736
FALSE,TRUE,152.5,3762,427,0,0,141
FALSE,TRUE,0,139.5,35,0,0,84
FALSE,FALSE,0,17.5,97.5,0,0,18
FALSE,FALSE,0,13043.5,474.5,1618,196.5,72
FALSE,FALSE,0,218,0,77,0,7.5
FALSE,FALSE,0,436.5,175.5,0,0,33
FALSE,TRUE,63,1004.5,34,0,0,217
FALSE,TRUE,0,2102,55,22.5,0,63
FALSE,FALSE,30,1468,106,0,234.5,87
FALSE,TRUE,0,0,0,0,0,36
FALSE,FALSE,196,12785.5,2658,336,1298.5,525
FALSE,TRUE,30,572.5,117.5,0,101.5,128
FALSE,TRUE,0,164.5,0,0,0,196
FALSE,FALSE,18,32.5,4.5,0,0,30
FALSE,FALSE,0,979,35,0,0,21
FALSE,TRUE,0,0,0,0,0,44
TRUE,FALSE,0,14931.5,61,0,965.5,189
FALSE,FALSE,0,9272.5,75,752,396,12
FALSE,TRUE,0,12.5,30,0,0,6
FALSE,TRUE,0,1428,0,0,0,380
FALSE,FALSE,0,3140.5,7.5,0,0,292
FALSE,TRUE,0,7259.5,679,0,99,945
FALSE,FALSE,0,3567.5,7.5,0,0,21
FALSE,TRUE,0,132,0,0,0,51
FALSE,TRUE,0,322,222.5,53,0,203
FALSE,FALSE,0,743,37.5,192.5,0,10
FALSE,FALSE,0,117.5,0,0,0,7.5
FALSE,FALSE,0,1181,20,0,412,45.5
FALSE,FALSE,0,0,0,0,0,76
FALSE,TRUE,0,0,0,0,0,49.5
FALSE,TRUE,0,404.5,56,0,0,210
FALSE,TRUE,0,617.5,91,0,0,108
TRUE,FALSE,0,5026,2132,72,191,220
FALSE,FALSE,0,472,0,0,0,20
FALSE,TRUE,0,0,0,0,0,135
FALSE,FALSE,0,14003.5,608,1414,1151,871.5
FALSE,FALSE,0,330,36,0,0,13.5
FALSE,FALSE,0,13706,598,1618,1151,346.5
FALSE,FALSE,0,452,240,0,0,9
FALSE,TRUE,0,47,0,0,0,35
FALSE,FALSE,0,633,81,0,0,4.5
FALSE,FALSE,0,1202.5,168,0,412,10
FALSE,TRUE,0,59,15,0,0,50
TRUE,FALSE,0,531,0,0,0,532
FALSE,TRUE,0,984,15,0,0,78
FALSE,TRUE,168,1042,843,0,0,266
FALSE,TRUE,0,914,16,68,0,80.5
FALSE,FALSE,0,0,0,0,0,10.5
FALSE,TRUE,0,3934,3,0,0,140
FALSE,FALSE,63,2221.5,519,0,180,24
TRUE,FALSE,0,13315.5,584,923,966.5,392
FALSE,FALSE,0,2244.5,229,0,0,6
FALSE,TRUE,0,54,0,0,0,139.5
FALSE,TRUE,0,821.5,135,0,0,24
FALSE,TRUE,0,1148,58.5,0,0,357
FALSE,FALSE,0,332.5,85.5,0,0,20
FALSE,FALSE,0,866.5,0,0,0,17.5
FALSE,TRUE,0,3276,217,0,399.5,155
FALSE,FALSE,0,127,0,0,0,12
FALSE,FALSE,0,48,0,0,0,30
FALSE,FALSE,45.5,3890,705.5,0,216,20
FALSE,FALSE,0,682.5,0,0,0,122.5
FALSE,TRUE,0,3372,681,0,0,262.5
TRUE,TRUE,0,14361.5,568.5,30,961.5,104
TRUE,TRUE,0,15680,460.5,0,965.5,224
FALSE,FALSE,0,2987,7.5,0,0,519
FALSE,FALSE,0,0,0,0,0,10
FALSE,FALSE,0,1878.5,25,0,0,17.5
FALSE,FALSE,0,24,0,0,47,15
FALSE,FALSE,0,2961.5,0,0,0,119
FALSE,FALSE,0,1019.5,0,0,0,336
FALSE,TRUE,0,6618,0,0,0,668
FALSE,FALSE,0,0,0,0,0,60
FALSE,FALSE,0,0,0,0,0,42
FALSE,TRUE,0,2578.5,681,0,0,1056
FALSE,FALSE,168,2802,126.5,0,0,14
FALSE,FALSE,0,207.5,23.5,0,15,20
FALSE,TRUE,0,40,44,0,0,148.5
TRUE,FALSE,0,2834,280.5,0,0,108
FALSE,FALSE,0,0,283,0,0,15
FALSE,TRUE,0,6183.5,346.5,0,0,437.5
FALSE,TRUE,0,137.5,0,0,0,819
TRUE,TRUE,0,675,34,0,0,87
FALSE,TRUE,152.5,2872.5,427,0,0,1030.5
FALSE,TRUE,144,6204,694.5,63,0,368
FALSE,FALSE,0,270,10.5,0,0,85.5
FALSE,TRUE,0,4874.5,682.5,56,0,570.5
FALSE,FALSE,0,702,255,0,0,55
FALSE,FALSE,0,2220.5,229,0,0,30
FALSE,FALSE,0,145,0,0,0,17.5
FALSE,FALSE,0,0,0,0,0,15
TRUE,FALSE,0,18703.5,661.5,0,965.5,1864
FALSE,FALSE,0,0,0,0,0,72
FALSE,FALSE,0,45,0,0,0,10.5
FALSE,FALSE,0,442,18,0,0,17.5
FALSE,TRUE,144,5462,616.5,63,0,330
FALSE,TRUE,0,1140.5,91.5,89,0,186
FALSE,TRUE,0,4659,220.5,0,0,612
FALSE,FALSE,0,803.5,135,0,0,42
FALSE,FALSE,0,941.5,45,89,0,6
FALSE,TRUE,0,3256,7.5,0,0,504
FALSE,TRUE,0,2509.5,476,0,0,192
FALSE,FALSE,36,609,298.5,0,60,14
FALSE,TRUE,0,3491,681,0,0,143.5
TRUE,FALSE,0,252.5,59,0,0,18
FALSE,TRUE,0,1380.5,81,0,18,804
FALSE,FALSE,0,2617.5,9,0,0,54
FALSE,TRUE,0,1737.5,204,0,20,17.5
FALSE,TRUE,144,6502,670.5,63,0,70
FALSE,TRUE,0,231.5,0,0,0,182
FALSE,FALSE,63,960,643.5,0,242.5,20
FALSE,FALSE,0,1216,0,0,0,157.5
FALSE,FALSE,0,288.5,56,0,0,66
FALSE,FALSE,64,982,28,0,0,88
FALSE,TRUE,0,2005,173.5,0,325.5,182
FALSE,TRUE,0,1802.5,114.5,0,0,356
FALSE,FALSE,0,0,0,0,0,13.5
FALSE,TRUE,0,848.5,51,0,0,60
FALSE,TRUE,0,0,0,0,0,31.5
FALSE,FALSE,0,2288,7.5,0,0,812
FALSE,FALSE,0,1271.5,7.5,0,0,660
FALSE,FALSE,0,1401,91.5,89,0,52
FALSE,TRUE,0,4703,447.5,0,119,967.5
FALSE,TRUE,0,5763,141,0,891,185.5
FALSE,FALSE,67,0,14,0,0,17.5
TRUE,FALSE,0,6443.5,211,0,906,185.5
FALSE,FALSE,0,8145,211,0,861,15
FALSE,TRUE,0,1094,85,0,0,128
FALSE,FALSE,0,1352.5,0,0,0,3
FALSE,FALSE,0,1564,0,0,0,192
FALSE,FALSE,0,391.5,18,0,0,68
TRUE,FALSE,196,14668.5,2638,510,1298.5,30
TRUE,TRUE,0,0,0,0,0,49
FALSE,FALSE,0,1155.5,0,0,0,59.5
FALSE,TRUE,0,2826,38.5,25,0,236
FALSE,TRUE,0,6984.5,458,0,0,1696
FALSE,TRUE,30,394.5,117.5,0,101.5,296
FALSE,FALSE,0,169,13.5,0,0,12.5
FALSE,TRUE,0,250,63,0,0,189
FALSE,FALSE,0,292.5,0,0,0,10
FALSE,FALSE,0,0,0,0,0,36
FALSE,FALSE,0,3752.5,7.5,0,0,7.5
FALSE,FALSE,0,0,0,0,0,15
FALSE,FALSE,0,13881,598,1414,1151,140
FALSE,TRUE,0,648,450,0,0,1304
FALSE,FALSE,0,0,0,81,0,90
FALSE,FALSE,0,187.5,18,0,0,12
FALSE,FALSE,0,1166.5,0,0,0,589.5
FALSE,FALSE,0,3864.5,387,0,0,1078
FALSE,TRUE,0,2273.5,81,0,0,19.5
FALSE,TRUE,0,0,0,0,0,143.5
FALSE,FALSE,45.5,5447.5,361,0,216,35
FALSE,FALSE,36,64,298.5,0,60,85.5
FALSE,TRUE,196,13222.5,2658,336,1298.5,88
TRUE,TRUE,0,1032.5,64,0,0,32.5
FALSE,FALSE,0,360,0,0,0,13.5
FALSE,TRUE,63,756.5,195,0,0,87.5
FALSE,FALSE,0,16,0,0,0,10.5
FALSE,TRUE,0,3718,424.5,0,31.5,248.5
FALSE,TRUE,0,0,0,0,0,549.5
FALSE,TRUE,152,1207.5,61,0,32.5,140
FALSE,TRUE,0,4078,102.5,0,0,87.5
FALSE,FALSE,196,14557.5,2638,510,1298.5,141
FALSE,TRUE,0,14,0,0,0,18
TRUE,TRUE,0,6146,346.5,0,13.5,1269
FALSE,TRUE,0,1710.5,0,0,0,156
TRUE,FALSE,0,6307,481,1372,138,217
FALSE,FALSE,0,2215.5,229,0,0,35
FALSE,FALSE,0,2225,77,0,770,59.5
FALSE,TRUE,0,2665,935.5,0,0,280
FALSE,TRUE,0,481,16,20,0,63
FALSE,FALSE,0,0,0,0,0,17.5
FALSE,FALSE,0,3089,7.5,0,0,105
FALSE,FALSE,258.5,1408,136,54,0,154
FALSE,FALSE,0,1487,0,0,0,504
FALSE,FALSE,168,1163,436.5,0,0,58.5
FALSE,FALSE,0,0,92,0,0,72
FALSE,TRUE,0,1424,607,0,0,96
FALSE,TRUE,0,0,0,404.5,0,143.5
FALSE,TRUE,0,407,18,0,0,52.5
FALSE,TRUE,0,2794.5,935.5,0,0,150.5
FALSE,TRUE,24,0,0,28,0,114
FALSE,TRUE,0,207,0,0,20,32
FALSE,FALSE,0,130.5,0,0,0,56
FALSE,TRUE,0,1355.5,0,0,0,135
FALSE,FALSE,0,627.5,20,0,137,159
FALSE,FALSE,0,4365,387,0,0,577.5
TRUE,FALSE,0,633.5,20,0,137,153
FALSE,TRUE,197,3795.5,1097.5,0,0,175
TRUE,TRUE,0,6360,290,0,0,207
TRUE,TRUE,0,429.5,0,0,20,103.5
FALSE,TRUE,0,1317.5,207.5,0,0,348
FALSE,FALSE,0,0,0,0,0,52
FALSE,FALSE,0,2706,20,0,288.5,70
FALSE,TRUE,0,0,10.5,0,0,1176
FALSE,TRUE,0,114.5,0,0,0,99
FALSE,TRUE,0,3242.5,575.5,0,99,1400
FALSE,TRUE,152.5,3833,427,0,0,70
TRUE,FALSE,0,16626,561,0,940.5,2072
FALSE,TRUE,0,63,32,0,0,140
FALSE,FALSE,0,1808,66,0,234.5,39
FALSE,TRUE,0,2630,821.5,0,0,241.5
TRUE,FALSE,0,2803,102.5,0,0,68
FALSE,TRUE,0,773,0,0,0,416
TRUE,TRUE,0,3689.5,102.5,0,0,476
FALSE,FALSE,0,628.5,0,0,0,126
FALSE,TRUE,0,1552.5,0,391.5,0,93
FALSE,FALSE,0,0,0,0,0,90
FALSE,TRUE,0,1443,607,0,0,32
FALSE,TRUE,0,1115,0,32,0,75
FALSE,TRUE,45.5,3311.5,705.5,0,216,598.5
FALSE,FALSE,0,954.5,35,0,0,45.5
FALSE,FALSE,0,207,0,0,0,10
FALSE,FALSE,0,18,0,0,0,12
FALSE,TRUE,0,3293,159.5,0,0,322
FALSE,FALSE,0,1767.5,0,0,0,52.5
FALSE,TRUE,144,6694.5,694.5,63,0,297.5
FALSE,FALSE,0,9,0,311,0,15
FALSE,TRUE,0,283.5,276,0,0,800
FALSE,TRUE,0,1105.5,252.5,0,153,1399.5
FALSE,FALSE,0,48,0,0,0,7.5
TRUE,TRUE,0,718,240,0,0,608
TRUE,TRUE,0,156,108.5,0,0,609
FALSE,FALSE,0,0,12,0,0,10.5
FALSE,FALSE,0,0,0,0,0,20
TRUE,TRUE,0,1986,280.5,0,0,469
FALSE,FALSE,0,1088.5,0,0,0,24
FALSE,TRUE,0,9096.5,2539.5,0,1095,117
TRUE,TRUE,0,8940.5,2539.5,0,1095,273
FALSE,TRUE,168,2944,187,0,0,432
FALSE,FALSE,0,0,0,0,0,8
FALSE,FALSE,0,1212,25,0,0,684
FALSE,FALSE,0,9,35,0,0,17.5
FALSE,FALSE,0,12276,1950.5,174,1298.5,724.5
FALSE,TRUE,0,589.5,109,0,0,256
FALSE,TRUE,0,447,0,0,0,45
FALSE,FALSE,0,0,0,0,0,75
FALSE,FALSE,0,1921.5,78,0,234.5,12.5
FALSE,TRUE,66.5,3214,441,20,180,85.5
FALSE,FALSE,10.5,818.5,54,0,0,68
FALSE,FALSE,0,2657.5,9,0,0,14
FALSE,FALSE,0,1275,0,0,0,80.5
FALSE,FALSE,52.5,2769.5,54,0,44,108
FALSE,FALSE,0,240,49,0,0,166.5
FALSE,FALSE,66.5,3286,441,20,180,13.5
FALSE,TRUE,0,4678,270,0,0,318.5
FALSE,FALSE,0,14059,608,1414,1151,816
FALSE,TRUE,4.5,32.5,24,0,0,108
FALSE,TRUE,13.5,1387,317,0,0,376
FALSE,FALSE,0,3727,7.5,0,0,33
FALSE,TRUE,0,182.5,30,0,0,980
FALSE,FALSE,0,775.5,489.5,0,0,32
FALSE,FALSE,0,4474.5,387,0,0,468
FALSE,FALSE,66.5,3289,441,20,180,10.5
FALSE,TRUE,0,32.5,64,0,0,1032.5
FALSE,TRUE,0,2407.5,57,0,0,264
FALSE,TRUE,0,267,27,0,45.5,423
FALSE,FALSE,42,348.5,0,0,0,30
TRUE,TRUE,0,15748.5,245,0,965.5,1308
TRUE,FALSE,0,7283.5,0,52.5,0,20
FALSE,FALSE,0,8,90,0,0,13.5
FALSE,TRUE,0,1584,0,346.5,0,13.5
TRUE,FALSE,0,3810.5,262.5,0,31.5,156
FALSE,FALSE,0,5231,2096,0,114,15
FALSE,TRUE,144,9683.5,2319.5,63,0,1700
FALSE,FALSE,0,3954,262.5,0,31.5,12.5
FALSE,FALSE,0,66.5,72,0,0,18
FALSE,FALSE,0,709.5,0,0,0,6
FALSE,FALSE,0,0,0,0,0,20
TRUE,FALSE,0,14500,460.5,0,965.5,1404
FALSE,TRUE,0,228,36,0,0,189
FALSE,FALSE,123,2549,52,0,40.5,55
FALSE,FALSE,0,712.5,190,0,101.5,7.5
FALSE,TRUE,105.5,3063.5,343,20,180,273
FALSE,TRUE,0,866,117,0,189,274.5
FALSE,TRUE,0,788,16,68,0,206.5
FALSE,TRUE,12.5,217,0,0,0,264
FALSE,FALSE,0,2611.5,9,0,0,60
FALSE,TRUE,0,5149,247.5,0,0,516
FALSE,FALSE,20,534.5,53.5,0,0,4.5
FALSE,FALSE,0,725.5,168,0,412,27
FALSE,TRUE,0,414,20,0,0,184.5
FALSE,TRUE,0,3293,0,0,0,104
FALSE,TRUE,0,1815,16,27,0,168
FALSE,TRUE,0,2908.5,31.5,0,0,81
FALSE,FALSE,0,1528,0,97.5,0,48
FALSE,FALSE,196,11359,2656.5,336,0,35
TRUE,TRUE,0,0,0,0,0,45
FALSE,TRUE,0,15,0,311,0,9
FALSE,FALSE,0,0,0,0,0,63
FALSE,FALSE,0,0,0,0,0,25
FALSE,TRUE,0,226.5,0,0,0,20
FALSE,FALSE,0,0,0,0,0,16
FALSE,TRUE,0,40.5,57,0,0,225
FALSE,TRUE,197,2834,1156,0,76,234.5
FALSE,TRUE,66.5,4338,776,0,0,128
FALSE,TRUE,0,176.5,0,0,31.5,52.5
FALSE,FALSE,0,0,0,0,0,25
TRUE,FALSE,0,4138,103.5,0,2274,228
FALSE,FALSE,144,8120.5,694.5,119,0,31.5
FALSE,TRUE,0,1433,50,0,234.5,414
FALSE,TRUE,0,232,0,0,0,12
FALSE,FALSE,0,0,0,0,0,9
FALSE,TRUE,0,1758.5,45,0,0,145
FALSE,TRUE,0,4238.5,604,0,0,171.5
FALSE,TRUE,0,1946.5,114.5,0,0,212
FALSE,TRUE,0,1434.5,50,0,234.5,499.5
TRUE,FALSE,0,13677.5,568.5,30,961.5,788
FALSE,TRUE,201,3498.5,555,0,0,522
FALSE,FALSE,0,4138,7.5,0,0,51
FALSE,FALSE,0,1202.5,0,0,0,153
FALSE,FALSE,0,1315.5,0,0,0,40
FALSE,TRUE,66.5,4375,776,0,0,91
FALSE,TRUE,32,601.5,111,0,0,248
FALSE,TRUE,0,645.5,56,0,0,312
FALSE,FALSE,0,1236,75,0,0,105
FALSE,FALSE,0,0,0,0,0,12.5
FALSE,TRUE,0,441.5,427,0,508.5,319.5
FALSE,TRUE,0,212,0,0,0,13.5
FALSE,FALSE,0,207,7.5,0,0,16
FALSE,FALSE,0,160.5,29,103.5,31.5,24.5
FALSE,FALSE,0,154.5,0,0,0,6
FALSE,FALSE,0,371,40,0,0,12
FALSE,FALSE,0,15,0,0,0,15
FALSE,TRUE,0,1400.5,766.5,0,508.5,311.5
FALSE,TRUE,0,1221.5,15,0,28,378
FALSE,TRUE,0,7576.5,742,0,99,792
FALSE,TRUE,144,2595.5,478.5,63,0,1044
FALSE,TRUE,0,3414,248,0,288,141
FALSE,TRUE,0,292.5,72,0,0,30
FALSE,FALSE,0,216,0,0,0,16
TRUE,TRUE,0,6285,0,0,22.5,716
FALSE,FALSE,0,0,0,0,0,7.5
FALSE,TRUE,0,1044.5,168,0,412,168
FALSE,FALSE,0,0,27,0,0,20
FALSE,TRUE,105.5,2856,244,20,180,381.5
TRUE,FALSE,0,6976.5,211,0,861,1183.5
FALSE,TRUE,277,3787.5,918,0,0,96
FALSE,FALSE,0,824,0,643.5,0,48
FALSE,TRUE,170,3512.5,543.5,0,288,108
FALSE,TRUE,144,7906.5,762,119,0,168
FALSE,TRUE,0,299.5,0,0,0,175.5
FALSE,TRUE,0,0,0,0,0,31.5
TRUE,FALSE,0,13757,598,1618,609,388
FALSE,FALSE,0,812.5,138,0,31.5,32
FALSE,TRUE,0,1922,54.5,30,0,572
FALSE,TRUE,0,1695,69,0,0,120
FALSE,FALSE,62,2382.5,528.5,0,288,27
FALSE,TRUE,0,882.5,0,760,0,77
FALSE,FALSE,0,3,0,0,0,24
FALSE,TRUE,0,494.5,122,0,0,243
FALSE,FALSE,196,11581.5,2546.5,336,1298.5,72
FALSE,FALSE,0,0,0,0,0,18
FALSE,FALSE,0,1084,0,0,0,7.5
FALSE,TRUE,0,0,0,0,0,368
FALSE,TRUE,0,874,35,0,0,96
FALSE,FALSE,0,900.5,0,0,0,364
FALSE,TRUE,0,403.5,18,0,0,56
FALSE,TRUE,0,497.5,56,0,126,117
FALSE,TRUE,0,894.5,643.5,0,166.5,31.5
FALSE,FALSE,0,115,0,0,0,10
FALSE,FALSE,0,0,0,0,0,15
TRUE,TRUE,0,1344,194.5,0,0,60
FALSE,FALSE,0,3205.5,40,0,0,6
FALSE,FALSE,0,1723.5,204,0,20,49.5
FALSE,FALSE,0,2960.5,54.5,25,0,101.5
FALSE,FALSE,152.5,3804,427,0,0,99
FALSE,FALSE,0,2233.5,38,0,0,14
FALSE,FALSE,0,44,31.5,0,0,108.5
FALSE,FALSE,0,246,54,0,0,22.5
FALSE,TRUE,0,1084,125.5,0,0,48
FALSE,FALSE,0,1394.5,256,0,0,63
FALSE,TRUE,44,200,92.5,0,10.5,132
FALSE,TRUE,0,6588,86,0,0,693
FALSE,FALSE,0,4315,1912,0,114,22.5
FALSE,TRUE,0,2109,261,0,32.5,562.5
FALSE,TRUE,0,2823,294,0,0,308
FALSE,FALSE,0,1733.5,58.5,0,0,90
FALSE,FALSE,0,98,0,0,25,76
FALSE,TRUE,122.5,1535,249,0,0,141
FALSE,FALSE,0,142,0,5,0,22.5
FALSE,FALSE,168,1171.5,514.5,0,0,136.5
TRUE,FALSE,0,868,12,0,0,796
FALSE,FALSE,196,12946.5,2658,336,1298.5,364
FALSE,TRUE,0,717,37.5,0,0,283.5
FALSE,TRUE,0,1814.5,92,0,0,1164
FALSE,FALSE,0,1466,38,0,0,32.5
FALSE,FALSE,0,3543,159.5,0,0,72
FALSE,FALSE,196,13295.5,2658,336,1298.5,15
FALSE,FALSE,67,31.5,25,0,0,12
FALSE,FALSE,0,612,24,0,0,112
FALSE,FALSE,0,18,0,0,0,14
FALSE,FALSE,0,0,0,0,0,262.5
FALSE,TRUE,0,2644.5,102.5,0,0,357
FALSE,TRUE,260,1813.5,998.5,0,242.5,49
FALSE,TRUE,0,6343,42,0,0,204
FALSE,TRUE,0,3945,432,0,75,270
FALSE,FALSE,0,8204,516.5,0,0,988
FALSE,TRUE,0,7096,0,0,0,152.5
FALSE,FALSE,197,2106,1080,0,76,30
FALSE,TRUE,231.5,938.5,178.5,0,0,45.5
FALSE,FALSE,0,336.5,51,0,0,13.5
FALSE,TRUE,0,2383,1563,0,0,517.5
FALSE,TRUE,0,977.5,221.5,89,0,72
FALSE,FALSE,0,0,30,148,0,13.5
TRUE,TRUE,0,2234.5,280.5,0,0,220.5
FALSE,FALSE,0,15852,460.5,0,965.5,52
FALSE,FALSE,0,2088.5,229,0,0,162
FALSE,TRUE,0,0,0,0,0,1335
FALSE,TRUE,144,12774.5,2364.5,119,0,612
FALSE,FALSE,0,2455,1259.5,8,0,12
FALSE,FALSE,0,1085.5,226,0,0,32
FALSE,TRUE,0,287,18,0,0,243
FALSE,FALSE,0,66,0,0,0,12
FALSE,TRUE,0,158.5,0,0,0,85.5
FALSE,FALSE,0,154.5,44,0,0,25
FALSE,TRUE,0,1707,25,0,0,189
FALSE,TRUE,0,2170.5,229,0,0,80
FALSE,FALSE,0,154.5,13.5,0,0,27
FALSE,FALSE,0,537,0,0,0,28
FALSE,TRUE,63,998,516.5,0,0,210
FALSE,FALSE,0,1270,232.5,0,0,56
FALSE,TRUE,24.5,622,148,0,0,400
FALSE,FALSE,0,6573,211,0,906,236
FALSE,FALSE,0,0,0,108,0,12
FALSE,TRUE,24.5,900.5,378,0,0,121.5
FALSE,FALSE,0,3107,7.5,0,0,117
FALSE,FALSE,0,9,0,0,0,13.5
FALSE,TRUE,0,2452,0,0,0,945
FALSE,FALSE,0,322,0,0,0,170
FALSE,FALSE,0,2870.5,1715,0,0,30
FALSE,FALSE,137.5,3847,423,0,0,56
FALSE,TRUE,0,2081,81,0,18,103.5
FALSE,FALSE,0,5036.5,0,0,0,28
FALSE,TRUE,0,433,63,0,0,6
FALSE,TRUE,10.5,690.5,390,0,0,196
FALSE,FALSE,0,0,0,0,0,60
FALSE,FALSE,0,3571,7.5,0,0,189
FALSE,TRUE,0,205,24,0,0,519
FALSE,FALSE,0,220,0,0,0,18
FALSE,TRUE,0,8969.5,2539.5,0,1095,244
FALSE,FALSE,0,4841,387,0,0,101.5
FALSE,TRUE,52.5,2531,54,0,44,346.5
FALSE,TRUE,0,3633.5,102.5,0,0,532
FALSE,FALSE,0,174,35,0,0,49.5
FALSE,FALSE,197,2942.5,1156,0,76,126
FALSE,FALSE,292,412.5,169,0,0,17.5
FALSE,TRUE,0,33,0,0,0,112
FALSE,TRUE,0,400,0,0,0,92
FALSE,FALSE,10.5,855,390,0,0,31.5
FALSE,FALSE,0,908.5,643.5,0,166.5,17.5
TRUE,FALSE,144,3971,87,476,623,27
FALSE,FALSE,0,10674,180.5,522,966.5,27.5
FALSE,FALSE,0,985,35,0,0,15
FALSE,FALSE,0,999,15,0,0,63
FALSE,FALSE,30,59,30,0,0,10.5
FALSE,FALSE,168,2157.5,147,0,0,81
FALSE,FALSE,0,1616,504,0,0,49.5
FALSE,FALSE,66.5,5246.5,2346.5,0,0,56
FALSE,TRUE,0,2531.5,57,0,0,140
FALSE,TRUE,0,2575.5,9,0,0,96
FALSE,TRUE,0,0,0,0,0,280
FALSE,FALSE,0,454.5,0,0,0,20
FALSE,FALSE,0,0,0,0,0,18
TRUE,TRUE,0,5665,0,0,0,180
FALSE,FALSE,0,2904,152,0,0,28
FALSE,FALSE,0,12,0,0,0,14
FALSE,FALSE,12.5,1439.5,238.5,0,0,30
FALSE,FALSE,13.5,3221,60,0,211.5,54
FALSE,TRUE,0,332,275.5,52.5,0,507.5
FALSE,FALSE,64,1058,28,0,0,12
FALSE,FALSE,0,2129,229,0,0,121.5
FALSE,FALSE,0,4.5,0,0,0,7.5
FALSE,FALSE,0,978,37.5,0,0,22.5
FALSE,FALSE,0,1464,607,0,0,56
FALSE,FALSE,0,2318,106,0,234.5,20
FALSE,TRUE,0,0,0,0,0,198
TRUE,FALSE,0,251.5,126,0,20,104
FALSE,TRUE,0,386.5,29,0,0,24
FALSE,FALSE,0,3169,7.5,0,0,48
TRUE,TRUE,0,1458.5,0,0,0,32
FALSE,FALSE,0,709.5,58,0,0,52.5
FALSE,TRUE,0,23,105,0,0,13.5
FALSE,FALSE,0,975,0,0,0,18
FALSE,TRUE,0,695,489.5,0,0,112.5
FALSE,FALSE,0,322,0,0,0,24
FALSE,FALSE,66.5,5733,2346.5,0,0,28
FALSE,FALSE,0,0,0,0,0,54
FALSE,FALSE,13.5,3221,60,0,211.5,54
FALSE,FALSE,0,15,0,0,0,15
FALSE,FALSE,200,304,303.5,0,0,13.5
FALSE,FALSE,0,310.5,126,0,20,45
FALSE,FALSE,0,1436.5,0,0,0,54
FALSE,TRUE,0,1376.5,194.5,0,0,27.5
FALSE,FALSE,18,50,4.5,0,0,12.5
FALSE,FALSE,0,8112.5,211,0,906,47.5
FALSE,FALSE,0,0,0,0,0,10.5
FALSE,TRUE,24.5,580,10.5,0,0,87.5
FALSE,FALSE,0,3096,7.5,0,0,22
FALSE,TRUE,13.5,534,287,0,0,21
FALSE,FALSE,0,0,0,0,0,12
FALSE,FALSE,0,893,85,0,0,15
FALSE,TRUE,0,529,56,0,126,85.5
FALSE,FALSE,0,335,63,0,0,104
FALSE,TRUE,0,48,25,141,0,261
FALSE,TRUE,0,1283.5,57.5,0,0,45
FALSE,FALSE,0,12243.5,1124.5,1414,1320.5,40.5
FALSE,FALSE,0,12,63,0,0,20
FALSE,FALSE,196,11388.5,2546.5,336,1298.5,265
FALSE,TRUE,197,1680.5,993.5,0,242.5,72
FALSE,FALSE,201,3625,717,0,0,238.5
FALSE,TRUE,0,501,10.5,0,0,166.5
FALSE,FALSE,24.5,646.5,10.5,0,0,21
FALSE,TRUE,0,1995.5,38,0,0,252
FALSE,FALSE,0,3745,7.5,0,0,15
FALSE,FALSE,0,117.5,0,0,0,7.5
FALSE,FALSE,49,616,53.5,0,0,16
FALSE,FALSE,0,1142,0,560,0,60
FALSE,FALSE,105.5,3213.5,244,20,180,24
FALSE,FALSE,24.5,649.5,10.5,0,0,18
FALSE,FALSE,0,636,10.5,0,0,31.5
FALSE,TRUE,0,203,4.5,28,0,90
FALSE,TRUE,44,269,92.5,0,10.5,63
FALSE,TRUE,0,3558.5,235,0,31.5,72
FALSE,FALSE,196,13210.5,2658,336,1298.5,100
FALSE,FALSE,0,0,0,0,0,15
FALSE,TRUE,0,1820.5,81,0,0,472.5
FALSE,FALSE,159,2651.5,789.5,0,76,42
FALSE,FALSE,0,647.5,10.5,0,0,20
FALSE,FALSE,0,12248,384.5,1106,1092.5,52
FALSE,FALSE,0,2606.5,261,0,32.5,65
FALSE,FALSE,0,4152,102.5,0,0,13.5
FALSE,FALSE,0,10635.5,379,923,196.5,60
FALSE,TRUE,0,226.5,0,0,0,39
FALSE,FALSE,0,0,0,0,0,20
FALSE,FALSE,0,160,108,0,0,10.5
FALSE,TRUE,0,8167.5,2391,0,1095,276
FALSE,TRUE,0,16,0,0,0,216
FALSE,TRUE,0,1398.5,0,0,0,92
FALSE,TRUE,0,926.5,16,17.5,0,145
FALSE,FALSE,0,299,10.5,18,0,24.5
FALSE,FALSE,0,193.5,0,0,0,20
FALSE,FALSE,0,456,0,0,0,36
FALSE,FALSE,0,13651,584,923,966.5,16
FALSE,FALSE,0,804,0,0,0,32
FALSE,FALSE,0,230.5,0,0,0,55
FALSE,FALSE,0,1077,141.5,77,0,31.5